$MeshFormat
4.1 0 8
$EndMeshFormat
$Entities
11 10 1 0
1 0 0 0 0 
2 2 0 0 0 
3 0.8090169943749475 0.5877852522924731 0 0 
4 0.6180339887498949 1.902113032590307 0 0 
5 -0.3090169943749473 0.9510565162951536 0 0 
6 -1.618033988749895 1.175570504584946 0 0 
7 -1 1.224606353822377e-16 0 0 
8 -1.618033988749895 -1.175570504584946 0 0 
9 -0.3090169943749476 -0.9510565162951535 0 0 
10 0.6180339887498945 -1.902113032590307 0 0 
11 0.8090169943749473 -0.5877852522924734 0 0 
1 0.8090169943749475 0 0 2 0.5877852522924731 0 0 2 2 -3 
2 0.6180339887498949 0.5877852522924731 0 0.8090169943749475 1.902113032590307 0 0 2 3 -4 
3 -0.3090169943749473 0.9510565162951536 0 0.6180339887498949 1.902113032590307 0 0 2 4 -5 
4 -1.618033988749895 0.9510565162951536 0 -0.3090169943749473 1.175570504584946 0 0 2 5 -6 
5 -1.618033988749895 2.220446049250313e-16 0 -1 1.175570504584946 0 0 2 6 -7 
6 -1.618033988749895 -1.175570504584946 0 -1 1.110223024625157e-16 0 0 2 7 -8 
7 -1.618033988749895 -1.175570504584946 0 -0.3090169943749477 -0.9510565162951535 0 0 2 8 -9 
8 -0.3090169943749476 -1.902113032590307 0 0.6180339887498945 -0.9510565162951535 0 0 2 9 -10 
9 0.6180339887498945 -1.902113032590307 0 0.8090169943749473 -0.5877852522924734 0 0 2 10 -11 
10 0.8090169943749473 -0.5877852522924734 0 2 0 0 0 2 11 -2 
1 -1.618033988749895 -1.902113032590307 0 2 1.902113032590307 0 0 10 1 2 3 4 5 6 7 8 9 10 
$EndEntities
$Nodes
22 3012 1 3012
0 1 0 1
1
0 0 0
0 2 0 1
2
2 0 0
0 3 0 1
3
0.8090169943749475 0.5877852522924731 0
0 4 0 1
4
0.6180339887498949 1.902113032590307 0
0 5 0 1
5
-0.3090169943749473 0.9510565162951536 0
0 6 0 1
6
-1.618033988749895 1.175570504584946 0
0 7 0 1
7
-1 1.224606353822377e-16 0
0 8 0 1
8
-1.618033988749895 -1.175570504584946 0
0 9 0 1
9
-0.3090169943749476 -0.9510565162951535 0
0 10 0 1
10
0.6180339887498945 -1.902113032590307 0
0 11 0 1
11
0.8090169943749473 -0.5877852522924734 0
1 1 0 26
12
13
14
15
16
17
18
19
20
21
22
23
24
25
26
27
28
29
30
31
32
33
34
35
36
37
1.955889518310245 0.02176982415895019 0
1.911779036620472 0.04353964831790883 0
1.867668554930757 0.06530947247683937 0
1.823558073241082 0.08707929663574956 0
1.779447591551313 0.1088491207947066 0
1.735337109861574 0.1306189449536487 0
1.691226628171804 0.1523887691126058 0
1.647116146482057 0.1741585932715522 0
1.603005664792317 0.1959284174304947 0
1.558895183102553 0.2176982415894493 0
1.514784701412817 0.2394680657483899 0
1.470674219723175 0.2612378899072839 0
1.426563738033561 0.2830077140661646 0
1.382453256343734 0.30477753822515 0
1.338342774653717 0.3265473623842294 0
1.29423229296373 0.3483171865432941 0
1.250121811273811 0.3700870107023247 0
1.206011329583904 0.3918568348613496 0
1.161900847893983 0.4136266590203818 0
1.117790366204194 0.4353964831793484 0
1.073679884514375 0.45716630733833 0
1.029569402824523 0.4789361314973278 0
0.9854589211346414 0.5007059556563405 0
0.9413484394447278 0.5224757798153687 0
0.8972379577548288 0.5442456039743899 0
0.8531274760649035 0.5660154281334239 0
1 2 0 26
38
39
40
41
42
43
44
45
46
47
48
49
50
51
52
53
54
55
56
57
58
59
60
61
62
63
0.8019435497221842 0.6364640589700578 0
0.794870105069415 0.6851428656476825 0
0.7877966604166469 0.7338216723253002 0
0.7807232157638818 0.7825004790028964 0
0.7736497711111248 0.8311792856804388 0
0.7665763264583625 0.8798580923580155 0
0.7595028818055953 0.9285368990356271 0
0.7524294371528361 0.9772157057131835 0
0.7453559925000733 1.025894512390764 0
0.7382825478473076 1.074573319068365 0
0.7312091031945467 1.123252125745934 0
0.7241356585417772 1.171930932423561 0
0.7170622138890078 1.220609739101187 0
0.7099887692362261 1.269288545778898 0
0.7029153245834303 1.317967352456707 0
0.6958418799306442 1.366646159134448 0
0.6887684352778431 1.415324965812293 0
0.6816949906250498 1.464003772490084 0
0.6746215459722708 1.512682579167776 0
0.6675481013194778 1.561361385845565 0
0.6604746566666587 1.610040192523533 0
0.6534012120138657 1.658718999201322 0
0.6463277673610732 1.707397805879108 0
0.6392543227082758 1.756076612556927 0
0.6321808780554845 1.804755419234704 0
0.6251074334026891 1.85343422591251 0
1 3 0 26
64
65
66
67
68
69
70
71
72
73
74
75
76
77
78
79
80
81
82
83
84
85
86
87
88
89
0.5836987671527464 1.866888717172038 0
0.5493635455556403 1.831664401753812 0
0.5150283239584917 1.796440086335542 0
0.4806931023613692 1.7612157709173 0
0.4463578807642919 1.725991455499103 0
0.4120226591671624 1.690767140080853 0
0.3776874375700317 1.655542824662602 0
0.3433522159729122 1.620318509244363 0
0.3090169943758015 1.585094193826132 0
0.2746817727786856 1.549869878407896 0
0.2403465511815315 1.514645562989621 0
0.2060113295844185 1.479421247571388 0
0.1716761079873137 1.444196932153163 0
0.1373408863900629 1.408972616734789 0
0.1030056647927649 1.373748301316366 0
0.0686704431954851 1.338523985897962 0
0.03433522159813351 1.303299670479485 0
8.421041641781812e-13 1.268075355061069 0
-0.03433522159644231 1.23285103964266 0
-0.06867044319379378 1.197626724224182 0
-0.1030056647910806 1.162402408805771 0
-0.1373408863883698 1.127178093387357 0
-0.1716761079857213 1.09195377796888 0
-0.2060113295830034 1.056729462550473 0
-0.2403465511802972 1.021505147132055 0
-0.2746817727776596 0.9862808317135658 0
1 4 0 26
90
91
92
93
94
95
96
97
98
99
100
101
102
103
104
105
106
107
108
109
110
111
112
113
114
115
-0.3574991052776024 0.9593718491947549 0
-0.4059812161802963 0.9676871820943628 0
-0.454463327082982 0.9760025149939693 0
-0.5029454379856318 0.9843178478935697 0
-0.5514275488882473 0.9926331807931641 0
-0.5999096597908171 1.000948513692751 0
-0.6483917706933703 1.009263846592334 0
-0.6968738815959374 1.017579179491921 0
-0.7453559924985524 1.025894512391515 0
-0.7938381034011974 1.034209845291115 0
-0.842320214303786 1.042525178190704 0
-0.8908023252064379 1.050840511090305 0
-0.939284436109041 1.059155843989897 0
-0.9877665470117571 1.067471176889509 0
-1.036248657914759 1.07578650978917 0
-1.084730768817709 1.084101842688822 0
-1.133212879720634 1.092417175588469 0
-1.181694990623522 1.10073250848811 0
-1.230177101526534 1.109047841387773 0
-1.278659212429447 1.117363174287418 0
-1.327141323332323 1.125678507187057 0
-1.375623434235188 1.133993840086695 0
-1.42410554513816 1.14230917298635 0
-1.472587656041282 1.150624505886032 0
-1.521069766944314 1.158939838785698 0
-1.569551877847175 1.167255171685334 0
1 5 0 26
116
117
118
119
120
121
122
123
124
125
126
127
128
129
130
131
132
133
134
135
136
137
138
139
140
141
-1.595143841018467 1.13203085626708 0
-1.572253693287043 1.088491207949222 0
-1.549363545555575 1.044951559631278 0
-1.526473397824156 1.00141191131343 0
-1.503583250092758 0.9578722629956201 0
-1.480693102361356 0.9143326146778017 0
-1.457802954629926 0.8707929663599316 0
-1.4349128068985 0.8272533180420683 0
-1.412022659167117 0.7837136697242875 0
-1.389132511435698 0.7401740214064387 0
-1.366242363704297 0.6966343730886231 0
-1.343352215972862 0.6530947247707433 0
-1.320462068241437 0.6095550764528812 0
-1.297571920509959 0.5660154281349198 0
-1.274681772778401 0.5224757798168053 0
-1.251791625046863 0.4789361314987305 0
-1.228901477315326 0.435396483180656 0
-1.206011329583797 0.3918568348625985 0
-1.183121181852268 0.3483171865445396 0
-1.160231034120703 0.3047775382264125 0
-1.137340886389155 0.2612378899083164 0
-1.114450738657645 0.2176982415902933 0
-1.091560590926135 0.1741585932722713 0
-1.068670443194607 0.1306189449542146 0
-1.045780295463057 0.08707929663611647 0
-1.022890147731513 0.04353964831802815 0
1 6 0 26
142
143
144
145
146
147
148
149
150
151
152
153
154
155
156
157
158
159
160
161
162
163
164
165
166
167
-1.022890147731436 -0.0435396483178818 0
-1.045780295462877 -0.08707929663577361 0
-1.068670443194317 -0.1306189449536634 0
-1.091560590925718 -0.1741585932714778 0
-1.114450738657123 -0.2176982415892998 0
-1.137340886388547 -0.2612378899071606 0
-1.16023103411995 -0.3047775382249781 0
-1.183121181851347 -0.3483171865427857 0
-1.206011329582735 -0.3918568348605782 0
-1.228901477314164 -0.4353964831784466 0
-1.251791625045587 -0.4789361314963032 0
-1.274681772777019 -0.5224757798141775 0
-1.297571920508442 -0.5660154281320341 0
-1.320462068239904 -0.6095550764499656 0
-1.343352215971435 -0.6530947247680277 0
-1.366242363703006 -0.6966343730861659 0
-1.3891325114346 -0.7401740214043482 0
-1.412022659166161 -0.7837136697224685 0
-1.434912806897687 -0.8272533180405218 0
-1.457802954629204 -0.8707929663585573 0
-1.480693102360729 -0.914332614676609 0
-1.503583250092243 -0.9578722629946391 0
-1.526473397823744 -1.001411911312644 0
-1.549363545555254 -1.044951559630667 0
-1.572253693286797 -1.088491207948752 0
-1.595143841018343 -1.132030856266844 0
1 7 0 26
168
169
170
171
172
173
174
175
176
177
178
179
180
181
182
183
184
185
186
187
188
189
190
191
192
193
-1.569551877847299 -1.167255171685355 0
-1.521069766944597 -1.158939838785746 0
-1.472587656041867 -1.150624505886132 0
-1.424105545139186 -1.142309172986526 0
-1.375623434236595 -1.133993840086936 0
-1.327141323334007 -1.125678507187346 0
-1.27865921243141 -1.117363174287755 0
-1.230177101528814 -1.109047841388163 0
-1.181694990626217 -1.100732508488572 0
-1.133212879723621 -1.092417175588981 0
-1.084730768821018 -1.084101842689389 0
-1.036248657918264 -1.075786509789771 0
-0.9877665470155781 -1.067471176890164 0
-0.9392844361128382 -1.059155843990548 0
-0.8908023252098999 -1.050840511090898 0
-0.8423202143069827 -1.042525178191252 0
-0.7938381034040748 -1.034209845291608 0
-0.7453559925011757 -1.025894512391965 0
-0.6968738815982375 -1.017579179492315 0
-0.6483917706953373 -1.009263846592672 0
-0.5999096597924631 -1.000948513693033 0
-0.5514275488895815 -0.9926331807933927 0
-0.5029454379866511 -0.9843178478937442 0
-0.4544633270836553 -0.9760025149940845 0
-0.4059812161806813 -0.9676871820944286 0
-0.3574991052778245 -0.9593718491947928 0
1 8 0 26
194
195
196
197
198
199
200
201
202
203
204
205
206
207
208
209
210
211
212
213
214
215
216
217
218
219
-0.2746817727778364 -0.9862808317133847 0
-0.2403465511805932 -1.021505147131751 0
-0.2060113295833582 -1.056729462550109 0
-0.171676107986165 -1.091953777968425 0
-0.1373408863890585 -1.127178093386651 0
-0.1030056647919493 -1.16240240880488 0
-0.06867044319484236 -1.197626724223107 0
-0.03433522159773345 -1.232851039641335 0
-6.208922265216188e-13 -1.268075355059568 0
0.03433522159648844 -1.303299670477797 0
0.06867044319358989 -1.338523985896018 0
0.1030056647906956 -1.373748301314244 0
0.1373408863878081 -1.408972616732476 0
0.1716761079850115 -1.444196932150802 0
0.2060113295822888 -1.479421247569204 0
0.2403465511796039 -1.514645562987644 0
0.2746817727769252 -1.549869878406091 0
0.309016994374208 -1.585094193824498 0
0.3433522159715517 -1.620318509242967 0
0.3776874375688056 -1.655542824661345 0
0.4120226591661357 -1.690767140079801 0
0.4463578807634422 -1.725991455498232 0
0.4806931023607187 -1.761215770916633 0
0.515028323958055 -1.796440086335095 0
0.5493635455553069 -1.83166440175347 0
0.5836987671526463 -1.866888717171936 0
1 9 0 26
220
221
222
223
224
225
226
227
228
229
230
231
232
233
234
235
236
237
238
239
240
241
242
243
244
245
0.6251074334026637 -1.853434225912682 0
0.632180878055432 -1.804755419235063 0
0.6392543227082051 -1.756076612557411 0
0.6463277673609628 -1.707397805879866 0
0.6534012120137204 -1.65871899920232 0
0.6604746566664903 -1.61004019252469 0
0.6675481013192478 -1.561361385847146 0
0.6746215459720055 -1.5126825791696 0
0.6816949906247879 -1.464003772491884 0
0.6887684352775452 -1.415324965814341 0
0.6958418799303152 -1.36664615913671 0
0.7029153245830728 -1.317967352459164 0
0.7099887692358343 -1.269288545781593 0
0.717062213888611 -1.220609739103916 0
0.7241356585414032 -1.171930932426133 0
0.7312091031942081 -1.123252125748263 0
0.7382825478469992 -1.074573319070486 0
0.7453559924997938 -1.025894512392687 0
0.7524294371525868 -0.9772157057148982 0
0.7595028818053806 -0.9285368990371032 0
0.7665763264581767 -0.8798580923592929 0
0.7736497711109709 -0.8311792856814968 0
0.7807232157637664 -0.7825004790036905 0
0.7877966604165642 -0.7338216723258684 0
0.7948701050693565 -0.6851428656480842 0
0.8019435497221542 -0.6364640589702633 0
1 10 0 26
246
247
248
249
250
251
252
253
254
255
256
257
258
259
260
261
262
263
264
265
266
267
268
269
270
271
0.8531274760647307 -0.5660154281335094 0
0.8972379577544923 -0.544245603974556 0
0.9413484394442451 -0.5224757798156072 0
0.9854589211339421 -0.5007059556566857 0
1.029569402823695 -0.4789361314977367 0
1.073679884513499 -0.4571663073387626 0
1.117790366203278 -0.4353964831798008 0
1.161900847893025 -0.4136266590208548 0
1.206011329582708 -0.3918568348619402 0
1.250121811272308 -0.3700870107030669 0
1.294232292961865 -0.3483171865442141 0
1.338342774651502 -0.3265473623853227 0
1.382453256341152 -0.3047775382264245 0
1.426563738030986 -0.2830077140674353 0
1.470674219720966 -0.2612378899083744 0
1.514784701410881 -0.2394680657493453 0
1.558895183100751 -0.2176982415903385 0
1.603005664790592 -0.1959284174313462 0
1.647116146480572 -0.1741585932722852 0
1.691226628170517 -0.1523887691132415 0
1.735337109860497 -0.1306189449541805 0
1.779447591550521 -0.1088491207950972 0
1.823558073240529 -0.08707929663602276 0
1.8676685549304 -0.06530947247701502 0
1.911779036620234 -0.04353964831802648 0
1.955889518310119 -0.02176982415901219 0
2 1 0 2741
272
273
274
275
276
277
278
279
280
281
282
283
284
285
286
287
288
289
290
291
292
293
294
295
296
297
298
299
300
301
302
303
304
305
306
307
308
309
310
311
312
313
314
315
316
317
318
319
320
321
322
323
324
325
326
327
328
329
330
331
332
333
334
335
336
337
338
339
340
341
342
343
344
345
346
347
348
349
350
351
352
353
354
355
356
357
358
359
360
361
362
363
364
365
366
367
368
369
370
371
372
373
374
375
376
377
378
379
380
381
382
383
384
385
386
387
388
389
390
391
392
393
394
395
396
397
398
399
400
401
402
403
404
405
406
407
408
409
410
411
412
413
414
415
416
417
418
419
420
421
422
423
424
425
426
427
428
429
430
431
432
433
434
435
436
437
438
439
440
441
442
443
444
445
446
447
448
449
450
451
452
453
454
455
456
457
458
459
460
461
462
463
464
465
466
467
468
469
470
471
472
473
474
475
476
477
478
479
480
481
482
483
484
485
486
487
488
489
490
491
492
493
494
495
496
497
498
499
500
501
502
503
504
505
506
507
508
509
510
511
512
513
514
515
516
517
518
519
520
521
522
523
524
525
526
527
528
529
530
531
532
533
534
535
536
537
538
539
540
541
542
543
544
545
546
547
548
549
550
551
552
553
554
555
556
557
558
559
560
561
562
563
564
565
566
567
568
569
570
571
572
573
574
575
576
577
578
579
580
581
582
583
584
585
586
587
588
589
590
591
592
593
594
595
596
597
598
599
600
601
602
603
604
605
606
607
608
609
610
611
612
613
614
615
616
617
618
619
620
621
622
623
624
625
626
627
628
629
630
631
632
633
634
635
636
637
638
639
640
641
642
643
644
645
646
647
648
649
650
651
652
653
654
655
656
657
658
659
660
661
662
663
664
665
666
667
668
669
670
671
672
673
674
675
676
677
678
679
680
681
682
683
684
685
686
687
688
689
690
691
692
693
694
695
696
697
698
699
700
701
702
703
704
705
706
707
708
709
710
711
712
713
714
715
716
717
718
719
720
721
722
723
724
725
726
727
728
729
730
731
732
733
734
735
736
737
738
739
740
741
742
743
744
745
746
747
748
749
750
751
752
753
754
755
756
757
758
759
760
761
762
763
764
765
766
767
768
769
770
771
772
773
774
775
776
777
778
779
780
781
782
783
784
785
786
787
788
789
790
791
792
793
794
795
796
797
798
799
800
801
802
803
804
805
806
807
808
809
810
811
812
813
814
815
816
817
818
819
820
821
822
823
824
825
826
827
828
829
830
831
832
833
834
835
836
837
838
839
840
841
842
843
844
845
846
847
848
849
850
851
852
853
854
855
856
857
858
859
860
861
862
863
864
865
866
867
868
869
870
871
872
873
874
875
876
877
878
879
880
881
882
883
884
885
886
887
888
889
890
891
892
893
894
895
896
897
898
899
900
901
902
903
904
905
906
907
908
909
910
911
912
913
914
915
916
917
918
919
920
921
922
923
924
925
926
927
928
929
930
931
932
933
934
935
936
937
938
939
940
941
942
943
944
945
946
947
948
949
950
951
952
953
954
955
956
957
958
959
960
961
962
963
964
965
966
967
968
969
970
971
972
973
974
975
976
977
978
979
980
981
982
983
984
985
986
987
988
989
990
991
992
993
994
995
996
997
998
999
1000
1001
1002
1003
1004
1005
1006
1007
1008
1009
1010
1011
1012
1013
1014
1015
1016
1017
1018
1019
1020
1021
1022
1023
1024
1025
1026
1027
1028
1029
1030
1031
1032
1033
1034
1035
1036
1037
1038
1039
1040
1041
1042
1043
1044
1045
1046
1047
1048
1049
1050
1051
1052
1053
1054
1055
1056
1057
1058
1059
1060
1061
1062
1063
1064
1065
1066
1067
1068
1069
1070
1071
1072
1073
1074
1075
1076
1077
1078
1079
1080
1081
1082
1083
1084
1085
1086
1087
1088
1089
1090
1091
1092
1093
1094
1095
1096
1097
1098
1099
1100
1101
1102
1103
1104
1105
1106
1107
1108
1109
1110
1111
1112
1113
1114
1115
1116
1117
1118
1119
1120
1121
1122
1123
1124
1125
1126
1127
1128
1129
1130
1131
1132
1133
1134
1135
1136
1137
1138
1139
1140
1141
1142
1143
1144
1145
1146
1147
1148
1149
1150
1151
1152
1153
1154
1155
1156
1157
1158
1159
1160
1161
1162
1163
1164
1165
1166
1167
1168
1169
1170
1171
1172
1173
1174
1175
1176
1177
1178
1179
1180
1181
1182
1183
1184
1185
1186
1187
1188
1189
1190
1191
1192
1193
1194
1195
1196
1197
1198
1199
1200
1201
1202
1203
1204
1205
1206
1207
1208
1209
1210
1211
1212
1213
1214
1215
1216
1217
1218
1219
1220
1221
1222
1223
1224
1225
1226
1227
1228
1229
1230
1231
1232
1233
1234
1235
1236
1237
1238
1239
1240
1241
1242
1243
1244
1245
1246
1247
1248
1249
1250
1251
1252
1253
1254
1255
1256
1257
1258
1259
1260
1261
1262
1263
1264
1265
1266
1267
1268
1269
1270
1271
1272
1273
1274
1275
1276
1277
1278
1279
1280
1281
1282
1283
1284
1285
1286
1287
1288
1289
1290
1291
1292
1293
1294
1295
1296
1297
1298
1299
1300
1301
1302
1303
1304
1305
1306
1307
1308
1309
1310
1311
1312
1313
1314
1315
1316
1317
1318
1319
1320
1321
1322
1323
1324
1325
1326
1327
1328
1329
1330
1331
1332
1333
1334
1335
1336
1337
1338
1339
1340
1341
1342
1343
1344
1345
1346
1347
1348
1349
1350
1351
1352
1353
1354
1355
1356
1357
1358
1359
1360
1361
1362
1363
1364
1365
1366
1367
1368
1369
1370
1371
1372
1373
1374
1375
1376
1377
1378
1379
1380
1381
1382
1383
1384
1385
1386
1387
1388
1389
1390
1391
1392
1393
1394
1395
1396
1397
1398
1399
1400
1401
1402
1403
1404
1405
1406
1407
1408
1409
1410
1411
1412
1413
1414
1415
1416
1417
1418
1419
1420
1421
1422
1423
1424
1425
1426
1427
1428
1429
1430
1431
1432
1433
1434
1435
1436
1437
1438
1439
1440
1441
1442
1443
1444
1445
1446
1447
1448
1449
1450
1451
1452
1453
1454
1455
1456
1457
1458
1459
1460
1461
1462
1463
1464
1465
1466
1467
1468
1469
1470
1471
1472
1473
1474
1475
1476
1477
1478
1479
1480
1481
1482
1483
1484
1485
1486
1487
1488
1489
1490
1491
1492
1493
1494
1495
1496
1497
1498
1499
1500
1501
1502
1503
1504
1505
1506
1507
1508
1509
1510
1511
1512
1513
1514
1515
1516
1517
1518
1519
1520
1521
1522
1523
1524
1525
1526
1527
1528
1529
1530
1531
1532
1533
1534
1535
1536
1537
1538
1539
1540
1541
1542
1543
1544
1545
1546
1547
1548
1549
1550
1551
1552
1553
1554
1555
1556
1557
1558
1559
1560
1561
1562
1563
1564
1565
1566
1567
1568
1569
1570
1571
1572
1573
1574
1575
1576
1577
1578
1579
1580
1581
1582
1583
1584
1585
1586
1587
1588
1589
1590
1591
1592
1593
1594
1595
1596
1597
1598
1599
1600
1601
1602
1603
1604
1605
1606
1607
1608
1609
1610
1611
1612
1613
1614
1615
1616
1617
1618
1619
1620
1621
1622
1623
1624
1625
1626
1627
1628
1629
1630
1631
1632
1633
1634
1635
1636
1637
1638
1639
1640
1641
1642
1643
1644
1645
1646
1647
1648
1649
1650
1651
1652
1653
1654
1655
1656
1657
1658
1659
1660
1661
1662
1663
1664
1665
1666
1667
1668
1669
1670
1671
1672
1673
1674
1675
1676
1677
1678
1679
1680
1681
1682
1683
1684
1685
1686
1687
1688
1689
1690
1691
1692
1693
1694
1695
1696
1697
1698
1699
1700
1701
1702
1703
1704
1705
1706
1707
1708
1709
1710
1711
1712
1713
1714
1715
1716
1717
1718
1719
1720
1721
1722
1723
1724
1725
1726
1727
1728
1729
1730
1731
1732
1733
1734
1735
1736
1737
1738
1739
1740
1741
1742
1743
1744
1745
1746
1747
1748
1749
1750
1751
1752
1753
1754
1755
1756
1757
1758
1759
1760
1761
1762
1763
1764
1765
1766
1767
1768
1769
1770
1771
1772
1773
1774
1775
1776
1777
1778
1779
1780
1781
1782
1783
1784
1785
1786
1787
1788
1789
1790
1791
1792
1793
1794
1795
1796
1797
1798
1799
1800
1801
1802
1803
1804
1805
1806
1807
1808
1809
1810
1811
1812
1813
1814
1815
1816
1817
1818
1819
1820
1821
1822
1823
1824
1825
1826
1827
1828
1829
1830
1831
1832
1833
1834
1835
1836
1837
1838
1839
1840
1841
1842
1843
1844
1845
1846
1847
1848
1849
1850
1851
1852
1853
1854
1855
1856
1857
1858
1859
1860
1861
1862
1863
1864
1865
1866
1867
1868
1869
1870
1871
1872
1873
1874
1875
1876
1877
1878
1879
1880
1881
1882
1883
1884
1885
1886
1887
1888
1889
1890
1891
1892
1893
1894
1895
1896
1897
1898
1899
1900
1901
1902
1903
1904
1905
1906
1907
1908
1909
1910
1911
1912
1913
1914
1915
1916
1917
1918
1919
1920
1921
1922
1923
1924
1925
1926
1927
1928
1929
1930
1931
1932
1933
1934
1935
1936
1937
1938
1939
1940
1941
1942
1943
1944
1945
1946
1947
1948
1949
1950
1951
1952
1953
1954
1955
1956
1957
1958
1959
1960
1961
1962
1963
1964
1965
1966
1967
1968
1969
1970
1971
1972
1973
1974
1975
1976
1977
1978
1979
1980
1981
1982
1983
1984
1985
1986
1987
1988
1989
1990
1991
1992
1993
1994
1995
1996
1997
1998
1999
2000
2001
2002
2003
2004
2005
2006
2007
2008
2009
2010
2011
2012
2013
2014
2015
2016
2017
2018
2019
2020
2021
2022
2023
2024
2025
2026
2027
2028
2029
2030
2031
2032
2033
2034
2035
2036
2037
2038
2039
2040
2041
2042
2043
2044
2045
2046
2047
2048
2049
2050
2051
2052
2053
2054
2055
2056
2057
2058
2059
2060
2061
2062
2063
2064
2065
2066
2067
2068
2069
2070
2071
2072
2073
2074
2075
2076
2077
2078
2079
2080
2081
2082
2083
2084
2085
2086
2087
2088
2089
2090
2091
2092
2093
2094
2095
2096
2097
2098
2099
2100
2101
2102
2103
2104
2105
2106
2107
2108
2109
2110
2111
2112
2113
2114
2115
2116
2117
2118
2119
2120
2121
2122
2123
2124
2125
2126
2127
2128
2129
2130
2131
2132
2133
2134
2135
2136
2137
2138
2139
2140
2141
2142
2143
2144
2145
2146
2147
2148
2149
2150
2151
2152
2153
2154
2155
2156
2157
2158
2159
2160
2161
2162
2163
2164
2165
2166
2167
2168
2169
2170
2171
2172
2173
2174
2175
2176
2177
2178
2179
2180
2181
2182
2183
2184
2185
2186
2187
2188
2189
2190
2191
2192
2193
2194
2195
2196
2197
2198
2199
2200
2201
2202
2203
2204
2205
2206
2207
2208
2209
2210
2211
2212
2213
2214
2215
2216
2217
2218
2219
2220
2221
2222
2223
2224
2225
2226
2227
2228
2229
2230
2231
2232
2233
2234
2235
2236
2237
2238
2239
2240
2241
2242
2243
2244
2245
2246
2247
2248
2249
2250
2251
2252
2253
2254
2255
2256
2257
2258
2259
2260
2261
2262
2263
2264
2265
2266
2267
2268
2269
2270
2271
2272
2273
2274
2275
2276
2277
2278
2279
2280
2281
2282
2283
2284
2285
2286
2287
2288
2289
2290
2291
2292
2293
2294
2295
2296
2297
2298
2299
2300
2301
2302
2303
2304
2305
2306
2307
2308
2309
2310
2311
2312
2313
2314
2315
2316
2317
2318
2319
2320
2321
2322
2323
2324
2325
2326
2327
2328
2329
2330
2331
2332
2333
2334
2335
2336
2337
2338
2339
2340
2341
2342
2343
2344
2345
2346
2347
2348
2349
2350
2351
2352
2353
2354
2355
2356
2357
2358
2359
2360
2361
2362
2363
2364
2365
2366
2367
2368
2369
2370
2371
2372
2373
2374
2375
2376
2377
2378
2379
2380
2381
2382
2383
2384
2385
2386
2387
2388
2389
2390
2391
2392
2393
2394
2395
2396
2397
2398
2399
2400
2401
2402
2403
2404
2405
2406
2407
2408
2409
2410
2411
2412
2413
2414
2415
2416
2417
2418
2419
2420
2421
2422
2423
2424
2425
2426
2427
2428
2429
2430
2431
2432
2433
2434
2435
2436
2437
2438
2439
2440
2441
2442
2443
2444
2445
2446
2447
2448
2449
2450
2451
2452
2453
2454
2455
2456
2457
2458
2459
2460
2461
2462
2463
2464
2465
2466
2467
2468
2469
2470
2471
2472
2473
2474
2475
2476
2477
2478
2479
2480
2481
2482
2483
2484
2485
2486
2487
2488
2489
2490
2491
2492
2493
2494
2495
2496
2497
2498
2499
2500
2501
2502
2503
2504
2505
2506
2507
2508
2509
2510
2511
2512
2513
2514
2515
2516
2517
2518
2519
2520
2521
2522
2523
2524
2525
2526
2527
2528
2529
2530
2531
2532
2533
2534
2535
2536
2537
2538
2539
2540
2541
2542
2543
2544
2545
2546
2547
2548
2549
2550
2551
2552
2553
2554
2555
2556
2557
2558
2559
2560
2561
2562
2563
2564
2565
2566
2567
2568
2569
2570
2571
2572
2573
2574
2575
2576
2577
2578
2579
2580
2581
2582
2583
2584
2585
2586
2587
2588
2589
2590
2591
2592
2593
2594
2595
2596
2597
2598
2599
2600
2601
2602
2603
2604
2605
2606
2607
2608
2609
2610
2611
2612
2613
2614
2615
2616
2617
2618
2619
2620
2621
2622
2623
2624
2625
2626
2627
2628
2629
2630
2631
2632
2633
2634
2635
2636
2637
2638
2639
2640
2641
2642
2643
2644
2645
2646
2647
2648
2649
2650
2651
2652
2653
2654
2655
2656
2657
2658
2659
2660
2661
2662
2663
2664
2665
2666
2667
2668
2669
2670
2671
2672
2673
2674
2675
2676
2677
2678
2679
2680
2681
2682
2683
2684
2685
2686
2687
2688
2689
2690
2691
2692
2693
2694
2695
2696
2697
2698
2699
2700
2701
2702
2703
2704
2705
2706
2707
2708
2709
2710
2711
2712
2713
2714
2715
2716
2717
2718
2719
2720
2721
2722
2723
2724
2725
2726
2727
2728
2729
2730
2731
2732
2733
2734
2735
2736
2737
2738
2739
2740
2741
2742
2743
2744
2745
2746
2747
2748
2749
2750
2751
2752
2753
2754
2755
2756
2757
2758
2759
2760
2761
2762
2763
2764
2765
2766
2767
2768
2769
2770
2771
2772
2773
2774
2775
2776
2777
2778
2779
2780
2781
2782
2783
2784
2785
2786
2787
2788
2789
2790
2791
2792
2793
2794
2795
2796
2797
2798
2799
2800
2801
2802
2803
2804
2805
2806
2807
2808
2809
2810
2811
2812
2813
2814
2815
2816
2817
2818
2819
2820
2821
2822
2823
2824
2825
2826
2827
2828
2829
2830
2831
2832
2833
2834
2835
2836
2837
2838
2839
2840
2841
2842
2843
2844
2845
2846
2847
2848
2849
2850
2851
2852
2853
2854
2855
2856
2857
2858
2859
2860
2861
2862
2863
2864
2865
2866
2867
2868
2869
2870
2871
2872
2873
2874
2875
2876
2877
2878
2879
2880
2881
2882
2883
2884
2885
2886
2887
2888
2889
2890
2891
2892
2893
2894
2895
2896
2897
2898
2899
2900
2901
2902
2903
2904
2905
2906
2907
2908
2909
2910
2911
2912
2913
2914
2915
2916
2917
2918
2919
2920
2921
2922
2923
2924
2925
2926
2927
2928
2929
2930
2931
2932
2933
2934
2935
2936
2937
2938
2939
2940
2941
2942
2943
2944
2945
2946
2947
2948
2949
2950
2951
2952
2953
2954
2955
2956
2957
2958
2959
2960
2961
2962
2963
2964
2965
2966
2967
2968
2969
2970
2971
2972
2973
2974
2975
2976
2977
2978
2979
2980
2981
2982
2983
2984
2985
2986
2987
2988
2989
2990
2991
2992
2993
2994
2995
2996
2997
2998
2999
3000
3001
3002
3003
3004
3005
3006
3007
3008
3009
3010
3011
3012
-0.3904660353981101 0.9228145946025182 -0
0.7566103691902827 0.655582405145166 0
-0.9986097438126784 -0.08557170345078424 0
-0.2269289991268434 -0.9744724514223219 0
0.8488601054712994 -0.5115781918699275 0
-0.3404593393584275 -0.9132274430741281 0
-0.9737386323505965 0.04159327359088232 -0
-0.2613442315930901 0.938933499856659 -0
0.7633231888397397 -0.6059988728698201 0
0.8122190144623268 0.5386995424963961 0
1.032771422911543 0.4298504217014603 0
-1.088189371008117 0.259291515181135 -0
0.7289165254282032 -0.8495324837755218 0
-0.08966812360676615 1.115055076948611 -0
-0.5762341858863191 -0.9534150141659549 0
-0.6313520047740578 0.9631194404718372 -0
-1.111079518739181 -0.3028311634978418 0
-0.05686990987911802 -1.151366628776473 0
0.7208825209232946 0.8980717129352673 0
1.077147653591949 -0.4036673642312333 0
-1.179073396697442 0.4273662526912619 -0
0.6992155375228319 -1.040849202252188 0
0.04710331725240711 1.255791928248376 0
-0.776798337484744 -0.988065439170713 0
1.209213349671242 0.3427711250651924 0
1.257223083798738 -0.3265190934386866 0
-0.8227991346949272 0.9951198207389487 -0
0.08240934984600888 -1.288843979038965 0
0.6924869277810898 1.091269381515649 0
-1.202729601364107 -0.4721125548092769 0
1.385655276430558 0.2556918284296914 0
-1.272216240649374 0.6113761275234555 -0
0.673550899776196 -1.241549290475841 0
-0.9684018375530898 -1.022185303733205 0
0.1851881460632493 1.388703237082137 0
-1.01692519615342 1.032502330675626 -0
0.2193488707668686 -1.432073915712224 0
-1.293071466062402 -0.6512895489909388 0
1.425588447894592 -0.2356342424928636 0
0.6626214074473247 1.28768361350122 0
-1.340718544174589 0.7377474644843285 -0
0.6542414835461445 -1.384699961121088 0
-1.119226051549247 -1.04596838139443 0
1.517986721499956 0.1903823559527353 0
0.2899197817976637 1.501893808390697 0
1.564470518421702 -0.1686806695720066 0
0.6423501196106893 1.43287364582253 0
-1.168643023631356 1.051260831027329 -0
0.3121083962345698 -1.536459701643095 0
-1.364681646977957 -0.7812339471570133 0
-1.407112515169122 0.8745057428925301 -0
0.6315587668396885 -1.529711958797427 0
1.650318166569334 0.125072883475815 0
0.3930869600035991 1.611988325218258 0
-1.262574712944624 -1.074592770317434 0
-1.314119657165003 1.078933020308479 -0
0.427689062667658 -1.643562250511671 0
-1.431541586979709 -0.9123862399494536 0
0.6181306490744545 1.581877769656741 0
1.694428648257847 -0.1033030593170352 0
-0.1926737883987038 1.009382130693307 -0
0.9004399778419614 0.4951598941784737 0
-0.1583385668016232 -1.044606446111567 0
-0.4356208084433518 -0.9305238121937172 0
-1.0195189278136 0.1286725702270564 -0
0.7491762995341068 -0.7033564862254105 0
0.1193461694412988 1.325242292314938 0
0.9909906344754604 -0.452620021594945 0
0.74698700650353 0.7544812556715579 0
-0.9221157614156229 1.013763033693264 -0
-0.4867209004425771 0.943584503554226 -0
-1.067335550631144 -0.2170375733407015 0
1.338383003705091 -0.2834859442708329 0
0.6856597546516073 -1.141828155858784 0
-0.0209976804118589 1.185503707785603 -0
0.673406875989363 1.196351400741858 0
-1.13626840054315 0.3442215941507449 -0
1.164186006365194 -0.3609819151267015 0
-1.229295069952973 0.5227469242709835 -0
0.7150101953652618 -0.9469250524351842 0
-1.249636047666756 -0.5648365918287253 0
1.297434313051034 0.2992314767471965 0
-0.8737625592904862 -1.004696104970089 0
0.7055195583957494 0.9958144903857595 0
1.120992386291424 0.3863107733833775 0
-0.727181764477872 0.978294803936188 -0
-0.679658753431357 -0.9724572137276737 0
0.01721110954096814 -1.2202942525238 0
-1.156859814201992 -0.3899104601334435 0
0.150974399934945 -1.362789171792887 0
-1.450777430067669 0.9511859597389322 -0
-1.358583668317271 -1.087849433966406 0
0.6147808511314398 -1.628253813101955 0
0.4698127155440996 1.679607527611488 0
1.740764859158593 0.07482278225304557 0
-0.2919772284557099 -0.9049121101745045 0
-0.3234195734390264 -0.8670830369535248 0
-0.2755329463732225 -0.8585478094655654 0
-0.3064790548258205 -0.8209019817348782 0
-0.2580134851408652 -0.8125805406522597 0
-0.288968127873316 -0.7771583729122906 0
-0.240815243163825 -0.766865790299214 0
-0.2786845486396507 -0.7283002133527474 0
-0.2267088698411301 -0.7196635426124491 0
-0.255260509761662 -0.6825054124711425 0
-0.2094455197642383 -0.6713513300426667 0
-0.2386652639931918 -0.6358878814290562 0
-0.1906088023517904 -0.6254439273145492 0
-0.2214000928501421 -0.5897041217202803 0
-0.1746611421423594 -0.5807246597465054 0
-0.2045047770118306 -0.5437906797604002 0
-0.1578274688548352 -0.5348562707447742 0
-0.1875234348779594 -0.4977307705197195 0
-0.140305004733911 -0.4889664761589734 0
-0.1704129565559276 -0.451642882468226 0
-0.1231730037138509 -0.4428739249723445 0
-0.1516918007192594 -0.4061273975208451 0
-0.1041026428052709 -0.3974836623884597 0
-0.1340333706488177 -0.3602135021852204 0
-0.08662133369586708 -0.3515033653214609 0
-0.1167983704003725 -0.31414170976606 0
-0.07111447337994217 -0.3047931657203194 0
-0.09998154969341046 -0.2679151070155966 0
-0.05436734926322793 -0.2585407612479722 0
-0.08470048004888747 -0.2211212989969719 0
-0.03651148519201512 -0.2126977324476922 0
-0.06781781381669809 -0.1749188887800756 0
-0.01936188619521519 -0.1665938885310839 0
-0.05078592566563328 -0.1287715756774128 0
-0.002305127724338342 -0.1204557582807934 0
-0.03374464061574325 -0.08262773103817567 0
0.01473772347535535 -0.07431249171879376 0
-0.0167041072945797 -0.03648360842422491 0
0.03177813150839734 -0.02816832277572409 0
0.002441937408772436 0.008883011136057438 0
-0.04809970217540788 0.006354201235698591 -0
0.04685152913778032 0.01870220504525996 0
0.08093093242886709 -0.01532164240303702 0
0.01950502174379435 0.05501880644667911 0
-0.1392534800000371 -0.612956337007068 0
-0.2862781681843354 -0.6474709541218879 0
0.06354230293886301 0.06511283482101057 0
0.03441551086726845 0.101949491579348 0
-0.1163051955515041 -0.1832322780439655 0
-0.2164949211916069 -0.460615056890967 0
-0.07547733947041904 -0.4338376508989861 0
0.01244311747785441 -0.200834627013434 0
0.08248654581210296 0.1105768657294763 0
0.05138676412697743 0.1481459045750491 0
0.09985745625304351 0.1564699052871751 0
0.06847030202331766 0.1942570840810253 0
0.01999738957957863 0.1859347687768884 0
0.03704598390491462 0.2320724733943086 0
-0.01116487629561866 0.2243287953525609 -0
0.08553344398122513 0.2403837458209108 0
0.05409111723168734 0.2782128052009352 0
0.1019883491504531 0.2867437679151771 0
0.07103430092725276 0.3243924682648261 0
0.118914541240817 0.332929986188612 0
0.08803904083780592 0.3705497192347891 0
0.1365153140723453 0.3788671929426252 0
0.1680795237257399 0.3435288155715523 0
0.1071277302988805 0.415937497538725 0
0.05652484183814533 0.4146343839409047 0
0.153990068400679 0.4248509611993602 0
0.1245814815433463 0.4619290260459153 0
0.1711713299423799 0.4709431147404265 0
0.1408803955745013 0.5083470056332789 0
0.1881112031507586 0.517124407675579 0
0.1577800373939883 0.5545431551341167 0
0.2051109662683085 0.56328358549533 0
0.2362830901524219 0.5255542969027784 0
0.1739612070280425 0.5993703425158187 0
0.2220009656731495 0.6092109171093298 0
0.1915370637202266 0.6458443016286086 0
0.2388927018994821 0.6556823650267842 0
0.2083422536095081 0.6938429183644657 0
0.1286886973956162 0.5891114786776628 0
0.2548811059421182 0.7008846058730736 0
0.2224636114341083 0.7403864139193934 0
0.279407144971221 0.7459794203941192 0
0.241529888754855 0.7858002504891257 0
-0.1679313253072023 -0.3211481900799094 0
0.1309467708884211 0.1206895054721552 0
-0.1982167760171523 -0.7541104859570988 0
0.2859995744971092 0.662843258420204 0
0.1713110659662963 0.7284690577673469 0
0.2900119996575761 0.7941155833887477 0
0.2591112797014288 0.831744650488668 0
0.3071420364148112 0.8402266551558927 0
0.2758909287115524 0.8770228936479807 0
0.3221403283045423 0.8869645479151618 0
0.293142893135943 0.9236170615816295 0
0.2286345111485091 0.8691459518985597 0
0.3384941105602994 0.8024309162883685 0
0.3388752149698099 0.9332828287777648 0
0.3099910201233401 0.9708926861314942 0
-0.3379035835017167 -0.7838252241710667 0
0.357620730574197 0.9789843092123155 0
0.3266873408400479 1.016656599842576 0
0.2788222151003394 1.007596546912795 0
0.3748875472406287 1.024991478983705 0
0.3437077076834841 1.062714717836771 0
0.392786807182353 0.9363210306061536 0
0.3921865854068989 1.071015669381982 0
0.3607874524646805 1.1088247066493 0
0.409276226511054 1.117134303330897 0
0.3778421940584862 1.154959081189992 0
0.3293614685775454 1.146643032396709 0
0.3464039613462913 1.192785647271785 0
0.3948865267239269 1.201100681630469 0
0.3634449428649088 1.238929287238162 0
0.4119274416872368 1.247244377566683 0
0.4407196820183593 1.079304274073512 0
0.3804851028914829 1.285073447302376 0
0.4289673138679139 1.293388717816535 0
0.2979225358220737 1.184469896515619 0
0.4604096411410576 1.255559655573941 0
-0.2487910680026212 -0.551846444173717 0
-0.08428421658008553 -0.09146369386968574 0
-0.01808074163114199 0.08888807830808956 -0
-0.03206119067631121 -0.3388212408196052 0
0.141591762811421 0.24768301814336 0
0.04644348989489464 -0.1120339451944643 0
0.02263357281793555 0.3160470732199896 0
0.1985877999931886 0.4346006780534603 0
-0.1065133510577791 -0.5296832184430675 0
0.08894725779269984 0.4981754915969502 0
0.3975249522056092 1.331217801435168 0
0.4460070770074664 1.339533125670135 0
0.4145647315607779 1.37736219918003 0
0.4630468451945083 1.385677530377155 0
-0.2273858860123723 -0.850002092237378 0
0.3320029930200035 1.27675811382189 0
0.4316045000973932 1.423506603669134 0
0.4800866114905578 1.43182193626301 0
0.7679648537994057 0.5601782412577085 0
0.7712866063643717 0.5113351359597903 0
0.7271721335920468 0.5330968733021194 0
0.7303998402824672 0.4840632102488457 0
0.6862865781422279 0.5058274005996896 0
0.6894924159216429 0.4567494262928505 0
0.6453821071055121 0.4785196007319462 0
0.6485850702377943 0.4294358017538272 0
0.6926954311509858 0.4076657328749523 0
0.6517871354055746 0.3803501833009207 0
0.695897624608723 0.3585803743658521 0
0.6549892039775128 0.331264571745514 0
0.6990996816718709 0.3094947394911031 0
0.6581912262320997 0.2821788663409446 0
0.7023017082830396 0.2604090429139089 0
0.6613932482368837 0.2330931604301759 0
0.7055037297772484 0.2113233359686073 0
0.6645952684093194 0.1840074508066921 0
0.7087057501132349 0.1622376266765007 0
0.6677972885702262 0.1349217411598256 0
0.7119077702542902 0.1131519169893634 0
0.6709993086608068 0.08583603137047341 0
0.7151097903511094 0.06406620721263645 0
0.6742013287509396 0.03675032158020483 0
0.7560182519536398 0.09138209284984944 0
0.7592202720425612 0.04229638305711456 0
0.8001287336452895 0.06961226869472015 0
0.6300908470608733 0.05852014573851978 0
0.6332928671486093 0.009434435943398489 0
0.8033307537329264 0.02052655889937232 0
0.8442392153354756 0.0478424445366149 0
0.6204847867586393 0.2057772750448085 0
0.5891823854588712 0.03120426010237367 0
0.5923844055462913 -0.01788144969338405 0
0.8474412354228705 -0.001243265259234978 0
0.8883496970253528 0.02607262037786516 0
0.5482739238565261 0.003888374465534332 0
0.5514759439438595 -0.0451973353303969 0
0.595586425633617 -0.06696715948933399 0
0.5546779640311793 -0.09428304512635684 0
0.5987884457209363 -0.1160528692852981 0
0.557879984118495 -0.1433687549223257 0
0.5137695024287394 -0.1215989307633802 0
0.5169715225160542 -0.1706846405593535 0
0.5610820042058117 -0.1924544647182954 0
0.5201735426033689 -0.2197703503553242 0
0.4760630609136114 -0.1980005261963828 0
0.479265081000926 -0.2470862359923527 0
0.8915517171126958 -0.02301308941809447 0
0.9324601787151632 0.004302796218962372 0
0.6108787170401427 0.3530343852716514 0
0.4351545993111586 -0.2253164118334184 0
0.438356619398477 -0.2744021216293851 0
0.4824671010882414 -0.2961719457883229 0
0.441558639485796 -0.3234878314253519 0
0.397448157796031 -0.3017180072664153 0
0.4006501778833533 -0.3508037170623811 0
0.4447606595731094 -0.3725735412213244 0
0.4038521979706665 -0.3998894268583548 0
0.359741716280906 -0.3781196026994107 0
0.3629437363682202 -0.4272053124953826 0
0.4070542180579803 -0.448975136654329 0
0.3661457564555329 -0.4762910222913577 0
0.410256238145295 -0.4980608464503041 0
0.3693477765428462 -0.5253767320873357 0
0.4134582582326103 -0.5471465562462814 0
0.3725497966301597 -0.5744624418833111 0
0.3284393149403971 -0.5526926177243595 0
0.3316413350277107 -0.6017783275203386 0
0.3757518167174699 -0.6235481516792862 0
0.3348433551150221 -0.650864037316317 0
0.3789538368047807 -0.6726338614752662 0
0.3380453752023319 -0.699949747112298 0
0.2939348935125702 -0.6781799229533468 0
0.297136913599878 -0.7272656327493292 0
0.3412473952896441 -0.7490354569082787 0
0.3003389336871871 -0.7763513425453106 0
0.3444494153769527 -0.7981211667042609 0
0.303540953774495 -0.8254370523412899 0
0.2594304720847344 -0.80366722818234 0
0.262632492172043 -0.8527529379783148 0
0.3067429738618004 -0.874522762137267 0
0.2185220104822873 -0.8309831138193633 0
0.265834512259349 -0.9018386477742897 0
0.3099449939491054 -0.9236084719332405 0
0.9356621988024891 -0.04478291357702031 0
0.9765706604049484 -0.01746702793997241 0
0.8947537372000345 -0.07209879921405753 0
0.2690365323466555 -0.9509243575702615 0
0.3131470140364117 -0.9726941817292141 0
0.7464121913547119 0.23863922155528 0
0.9292581586278029 0.05338850601498591 0
0.31883325467846 -0.4054354883364381 0
0.3540554756388664 -0.9453782960921906 0
0.357257495726169 -0.9944640058881703 0
0.316349034123713 -1.02177989152519 0
0.3604595158134671 -1.043549715684148 0
0.642180115830462 0.5276053689079103 0
0.6012723241243749 0.5002908406291154 0
0.5980704204884912 0.5493767863814293 0
0.9797726804922717 -0.06655273773595932 0
1.020681142094729 -0.03923685209891325 0
0.3195510542110142 -1.070865601321163 0
0.3636615359007638 -1.092635425480121 0
0.4543667198350635 -0.5198306706092499 0
0.5571620899440333 0.5220611662968456 0
0.5539601111082831 0.5711469596775907 0
0.3981659573285988 -0.9671481202511472 0
1.023883162182053 -0.08832256189490423 0
1.064791623784515 -0.06100667625786012 0
1.061589603697189 -0.01192096646185963 0
1.105700085386987 -0.03369079062081254 0
1.102498065299663 0.01539491917520179 0
1.146608546989465 -0.006374904983755953 0
1.143406526902142 0.04271080481225854 0
1.187517008591941 0.02094098065329694 0
0.3227530742983116 -1.119951311117132 0
0.3668635559880614 -1.141721135276089 0
0.2786425926085664 -1.098181486958179 0
1.190719028679259 -0.02814472914269984 0
1.231627490281722 -0.0008288435056539612 0
0.407772017590514 -1.114405249639076 0
0.41097403767781 -1.163490959435046 0
0.3700655760753627 -1.190806845072056 0
0.4141760577651059 -1.212576669231016 0
0.5132624470371162 0.5435154833799107 0
1.06799364387183 -0.1100923860538485 0
1.027085182269377 -0.1374082716908826 0
0.512767026497295 0.5927228766491223 0
1.228425470194404 0.04825686629033499 0
1.272535951884178 0.02648704213138262 0
1.275737971971492 -0.02259866766460075 0
1.316646433573946 0.00471721797243365 0
0.5512443594609419 0.6202004237293101 0
0.5450719037692074 0.05297408426149495 0
0.5041634421667864 0.02565819862450023 0
0.5009614220794715 0.07474390842046513 0
0.460052960477041 0.04742802278344758 0
0.4568509403897247 0.09651373257940674 0
0.4159424787872946 0.06919784694238543 0
0.4127404586999781 0.1182835567383431 0
0.4191444988746103 0.02011213714642881 0
0.3750340171848655 0.04188196130536481 0
0.3782360372721799 -0.007203748490591637 0
0.5162888312333102 0.4946928239907245 0
1.099296045212336 0.06448062897122375 0
0.3341255555824355 0.01456607566834323 0
0.3373275756697486 -0.03451963412761081 0
0.3732675961626547 -1.239892554868023 0
0.4173780778523976 -1.261662379026984 0
0.4723949855051877 0.5161382565212653 0
0.4753930701245842 0.4673579720385906 0
0.5098863822615565 0.642139141583445 0
0.5481769467555524 0.6693358517576163 0
0.4518824992802632 -1.136175073798035 0
1.071195663959144 -0.1591780958498295 0
1.030287202356695 -0.1864939814868583 0
0.3766298102917147 -1.288967814686967 0
0.4206067969466532 -1.310746347160114 0
1.319848453661261 -0.04436849182354628 0
1.360756915263715 -0.01705260618651217 0
1.357554895176398 0.03203310360946596 0
1.401665376866171 0.01026327945052827 0
0.3321830923845275 -1.26909791862608 0
0.4614930093766338 -1.283431912908805 0
0.4646957711030125 -1.332517574325242 0
1.140204506814825 0.09179651460828271 0
1.09609402512501 0.1135663387672544 0
0.8065327738204273 -0.02855915089625211 0
0.2249260506569058 -0.9291545334113112 0
0.2530264319101172 -0.7054958085903831 0
0.4536489203024073 0.1455994423753647 0
0.4095384386126625 0.167369266534298 0
0.4504469002150906 0.1946851521713205 0
0.4063364185253457 0.2164549763302495 0
0.36542795692292 0.18913909069323 0
0.3622259368356036 0.2382248004891785 0
0.4472448801277758 0.2437708619672789 0
0.3156312345911469 -0.3563497785404673 0
0.2747227729887046 -0.3836656641774927 0
0.2715207529013919 -0.3345799543815272 0
0.2306122912989516 -0.3618958400185513 0
0.2274102712116395 -0.3128101302225877 0
0.2338143113862641 -0.410981549814515 0
0.1897038296965136 -0.3892117256555748 0
0.1929058497838259 -0.4382974354515362 0
0.2683187328140766 -0.2854942445855646 0
0.224208251124327 -0.2637244204266258 0
0.2651167127267605 -0.2364085347896047 0
0.2210062310370124 -0.2146387106306691 0
0.2498244118228115 -0.6564100987943988 0
0.2089159502203604 -0.6837259844314262 0
0.2057139301330531 -0.634640274635454 0
0.1648054685306062 -0.6619561602724779 0
0.1616034484433004 -0.6128704504765032 0
0.1206949868408562 -0.6401863361135323 0
0.1174929667535523 -0.5911006263175502 0
0.1238970069281637 -0.6892720459094966 0
0.07978652523841695 -0.6675022217505533 0
0.08298854532572451 -0.7165879315465122 0
0.7400081426083648 0.3368106237790531 0
0.5642840242931284 -0.2415401745142665 0
0.6051924858955722 -0.214224288877237 0
0.6083945059828892 -0.2633099986732098 0
0.6493029675853352 -0.2359941130361792 0
0.6525049876726523 -0.2850798228321537 0
0.6934134492750951 -0.2577639371951218 0
0.696615469362416 -0.3068496469910982 0
0.7375239309648545 -0.2795337613540747 0
0.6557070077599682 -0.3341655326281305 0
0.6998174894497337 -0.3559353567870761 0
0.6589090278472826 -0.3832512424241094 0
0.8410371952481085 0.09692815433269919 0
0.4575687399223789 -0.5689163804052334 0
0.4984772015248305 -0.5416004947681987 0
0.5016792216121515 -0.5906862045641872 0
0.542587683214599 -0.5633703189271513 0
0.545789703301931 -0.6124560287231462 0
1.269333931796866 0.07557275192735705 0
0.3853578769794178 -0.7708052810672295 0
0.6902114291877672 -0.208678227399157 0
1.278939992058809 -0.07168437746058523 0
1.13700248672751 0.140882224404318 0
1.092892005037686 0.1626520485632941 0
0.1487953680940773 -0.416527611292595 0
0.2932170939800041 -0.01274980996867586 0
0.1455933480067668 -0.3674419014966326 0
1.404867396953488 -0.03882243034545778 0
1.445775858555948 -0.01150654470841295 0
0.03907930845505372 -0.6948049795351714 0
0.04211362452646723 -0.7439016292081254 0
0.5040888996294643 0.6911139622886077 0
0.5445647841410949 0.7184113664104974 0
0.3798629792204478 -1.338051492542927 0
0.4312847051837988 0.4891246351449913 0
0.4344530888179515 0.4400893027258433 0
0.7030195095370505 -0.4050210665830556 0
0.7439279711395017 -0.377705180946021 0
0.3213174752331805 0.2109089148521609 0
0.5003859453634943 0.7401794913789168 0
0.5412109179361464 0.7674920135649985 0
0.0018724569679062 -0.721765223640225 0
0.002933733274943152 -0.7710857256775708 0
0.0455813791368038 -0.7929668327930811 0
0.004717206621547344 -0.8202793007282565 0
0.04859126385449473 -0.842067102429652 0
0.007650779690468104 -0.8693854147067613 0
0.05171652021046533 -0.8911586395627922 0
0.01079526465282141 -0.918475496422662 0
0.05489615715505394 -0.9402460492349253 0
-0.03479805157982322 -0.9013060202460803 0
0.01398396502885037 -0.9675622181846247 0
0.0580922267666916 -0.9893322110045637 0
0.2900150738926939 0.03633589982727934 0
0.4282253803866166 0.5349891378167266 0
0.03591082917093411 -0.6457170817637814 0
0.4970751285601292 0.7892609939503551 0
0.5379654573765512 0.8165761783832887 0
0.3181154551458801 0.2599946246481221 0
0.5055994595171478 -1.305202000058797 0
-0.2954469757282338 0.9034825749192948 -0
-0.247967944164893 0.8915483997466107 -0
-0.2822967080547594 0.8563177896194835 -0
-0.2346655070699383 0.8442352859201695 -0
-0.2689962298036488 0.8090065851938946 -0
-0.2213296441775252 0.7968895899938732 -0
-0.2556651454900221 0.7616655472306995 -0
-0.1869954521063442 0.8321149089518807 -0
-0.207993908587138 0.7495440181563828 -0
-0.2423289813829796 0.7143195576927052 -0
-0.2900017193644616 0.7264425499570295 -0
-0.2766644035594525 0.6790954377909758 -0
-0.3243371997710373 0.6912184868156244 -0
-0.310999701721382 0.643871197004944 -0
-0.3586724772638784 0.6559942258822133 -0
-0.3453349453952642 0.6086469031061932 -0
-0.3930077118564266 0.6207699231313498 -0
-0.3796701728377659 0.5734225933857539 -0
-0.4273429365937423 0.5855456107740005 -0
-0.4140053959325026 0.5381982794272808 -0
-0.4616781589638524 0.5503212961091873 -0
-0.4483406179080776 0.5029739643778866 -0
-0.4960133807528627 0.5150969808779361 -0
-0.4826758396002773 0.4677496490522648 -0
-0.5303486023978349 0.479872665506278 -0
-0.5170110612212425 0.4325253336572036 -0
-0.5646838240069357 0.4446483500996105 -0
-0.5513462828243513 0.3973010182446952 -0
-0.578021365192157 0.4919956819571255 -0
-0.5036735200429714 0.3851780018064905 -0
-0.5380087416411572 0.3499536863892326 -0
-0.4903359788596862 0.3378306699509076 -0
-0.5246712004570356 0.3026063545328505 -0
-0.4769984376754092 0.290483338094359 -0
-0.5113336592725825 0.2552590226761436 -0
-0.6123565867921861 0.4567713665416386 -0
-0.6256941279765688 0.5041186983983216 -0
-0.4636608964909289 0.243136006237608 -0
-0.4979961180880622 0.2079116908193421 -0
-0.5723439632387676 0.3147293709713375 -0
-0.6600293495742642 0.4688943829805594 -0
-0.6733668907588053 0.5162417148373897 -0
-0.4503233553063695 0.1957886743807808 -0
-0.4846585769035234 0.1605643589625126 -0
-0.5323313396852019 0.1726873754010055 -0
-0.5189937985006532 0.1253400435442189 -0
-0.3663326332380135 0.5260752630737293 -0
-0.4713210357189561 0.1132170271056744 -0
-0.5056562573161043 0.07799271168740243 -0
-0.7077021123560767 0.4810173994192036 -0
-0.7210396535406407 0.5283647312760622 -0
-0.5533290200977765 0.09011572812585357 -0
-0.5399914789132487 0.04276839626912352 -0
-0.4923187161315425 0.03064537983057119 -0
-0.5266539377286918 -0.004578935587701188 0
-0.5743267005103572 0.007544080850722066 -0
-0.5609891593258323 -0.0398032510059861 0
-0.5133163965441281 -0.05192626744453498 0
-0.5476516181412767 -0.0871505828628085 0
-0.4159881337092248 0.2310129897990505 -0
-0.5953243809229354 -0.07502756642437441 0
-0.5819868397384264 -0.1223748982810771 0
-0.5343140769567098 -0.1344979147196396 0
-0.5686492985538576 -0.1697222301379118 0
-0.6163220613355593 -0.1575992136993632 0
-0.6029845201510117 -0.2049465455561886 0
-0.5553117573692885 -0.2170695619947514 0
-0.5896469789664447 -0.2522938774130319 0
-0.6373197417481739 -0.2401708609744635 0
-0.6239822005636035 -0.2875181928313176 0
-0.6716549633453371 -0.2753951763927484 0
-0.6583174221607679 -0.3227425082496081 0
-0.6106446593790276 -0.3348655246881778 0
-0.6449798809761951 -0.370089840106474 0
-0.6926526437579416 -0.357966823667904 0
-0.6793151025733672 -0.4053141555247741 0
-0.7269878653551174 -0.3931911390862017 0
-0.7136503241705424 -0.4405384709430777 0
-0.6659775613887925 -0.4526614873816446 0
-0.7003127829859638 -0.4878858027999583 0
-0.7479855457677294 -0.4757627863613872 0
-0.7346480045831478 -0.523110118218276 0
-0.7823207673649214 -0.5109871017797044 0
-0.7689832261803589 -0.5583344336365748 0
-0.7213104633985847 -0.5704574500751108 0
-0.8166559889621037 -0.5462114171980161 0
-0.8033184477775394 -0.5935587490549091 0
-0.850991210559277 -0.5814357326163218 0
-0.7553748751378282 0.4931404158577786 -0
-0.7687124163224041 0.5404877477146567 -0
-0.686704431943472 0.5635890466943815 -0
-0.2633269461288317 0.6317481875740667 -0
-0.7420373339532578 0.4457930840009134 -0
-0.8376536693747418 -0.6287830644732246 0
-0.8853264321564884 -0.6166600480346478 0
-0.8030476379195848 0.505263432296353 -0
-0.8163851791041623 0.552610764153232 -0
-0.4406804779407656 0.6328929427891913 -0
-0.8719888909719236 -0.6640073798915733 0
-0.9196616537537129 -0.6518843634530048 0
-0.8299935301466521 -0.4988640853410905 0
-0.8243161281901714 -0.6761303963300743 0
-0.8507204007013496 0.5173864487349249 -0
-0.864057941885922 0.564733780591812 -0
-0.8297227202887378 0.5999580960101129 -0
-0.8773954830704931 0.6120811124486949 -0
-0.8430602614733121 0.6473054278669926 -0
-0.8907330242550671 0.6594284443055761 -0
-0.9063241125691264 -0.6992316953099114 0
-0.9539968753509157 -0.6871086788713353 0
-0.9250682458522529 0.6242041288872839 -0
-0.9384057870368286 0.6715514607441648 -0
-0.9329991949381906 -0.6045370315959859 0
-0.8563978026578811 0.6946527597238634 -0
-0.9406593341663279 -0.7344560107282448 0
-0.9883320969481174 -0.7223329942896668 0
-0.9727410086340209 0.6363271453258674 -0
-0.9860785498185957 0.6836744771827498 -0
-0.9749945557635288 -0.7696803261465777 0
-1.022667318545317 -0.7575573097079988 0
-1.036004859729907 -0.710209977851088 0
-1.070340081327107 -0.7454342932694165 0
-1.057002540142522 -0.7927816251263287 0
-1.104675302924305 -0.7806586086877436 0
-0.9273217929817382 -0.7818033425851547 0
-0.8087250398761447 0.6825297432852819 -0
-0.822062581060705 0.7298770751421358 -0
-0.7743898182789899 0.7177540587035632 -0
-1.020413771415793 0.648450161764442 -0
-1.03375131260036 0.6957974936213311 -0
-0.9994160910031695 0.7310218090396323 -0
-1.04708885378493 0.7431448254782099 -0
-1.00707623023122 0.6011028299075591 -0
-1.012753632187741 0.7783691408965121 -0
-1.060426394969503 0.790492157335097 -0
-1.094761616566703 0.7552678419167923 -0
-1.108099157751275 0.8026151737736847 -0
-0.7877273594635492 0.7651013905604023 -0
-0.7400545966818451 0.7529783741218347 -0
-1.091337761739728 -0.8280059405446505 0
-1.139010524521507 -0.8158829241060659 0
-0.8354001222452532 0.7772244069989749 -0
-0.7403254065396894 -0.3458438072293346 0
-0.4350030768238969 0.4556266326188932 -0
-0.6849925045299023 -0.2280478445358981 0
-0.1946564481141983 0.7021967649739476 -0
-0.5913589063794362 0.5393430138166391 -0
-0.4426632160782765 0.32570765351264 -0
-0.4026505925246625 0.183665657942219 -0
-0.3683153709275158 0.2188899733604883 -0
-0.3549778297429528 0.1715426415036567 -0
-0.3206426081458058 0.2067669569219254 -0
-0.3073050669612429 0.1594196250650943 -0
-0.2729698453640965 0.194643940483363 -0
-0.2863073865486596 0.2419912723401942 -0
-0.2596323041795333 0.1472966086265319 -0
-0.2939675257766795 0.1120722932082632 -0
-0.2386346237669509 0.2298682559016312 -0
-0.2519721649515133 0.2772155877584611 -0
-0.2462947629949702 0.09994927676970117 -0
-0.280629984592116 0.06472496135143208 -0
-0.2119595413978248 0.1351735921879714 -0
-0.1603212647692101 0.7374211176788439 -0
-0.1469837434119425 0.6900738051488551 -0
-0.1126485314947059 0.725298130002701 -0
-0.09931099522801019 0.6779508029396064 -0
-0.06497577606382444 0.7131751207294308 -0
-0.1336462176448005 0.6427264883202962 -0
-0.08597345853457924 0.6306034754605461 -0
-0.1203086797783307 0.5953791596978057 -0
-0.5419742161847182 -0.2644168938515944 0
-0.5076389945875655 -0.229192578433313 0
-0.4943014534029939 -0.2765399102901537 0
-0.4599662318058444 -0.2413155948718727 0
-0.446628690621272 -0.2886629267287117 0
-0.4122934690241242 -0.253438611310432 0
-0.3989559278395505 -0.3007859431672705 0
-0.4332911494366956 -0.3360102585855497 0
-0.3646207062424037 -0.2655616277489909 0
-0.3779582474269765 -0.2182142958921542 0
-0.3302854846452588 -0.2303373123307123 0
-0.3436230258298343 -0.1829899804738762 0
-0.07831331765388413 0.7605224529815264 -0
-0.03064055616488071 0.7483994378030563 -0
-0.04397809763249722 0.7957467699358125 -0
-0.5973071181944462 -0.3822128565450323 0
-0.8373828595167692 0.4700391168780334 -0
-0.8850556222985473 0.4821621333166136 -0
-0.8717180811139613 0.4348148014597036 -0
-0.9193908438957542 0.4469378178982928 -0
-0.9060533027111648 0.3995904860413753 -0
-0.8583805399293722 0.3874674696027938 -0
-0.8920595559766835 0.352428004485505 -0
-0.8449336311531361 0.3401509461293981 -0
-0.8785944192684989 0.3051166157426951 -0
-0.831556596116009 0.2928147395220953 -0
-0.8633804128358746 0.258297876132619 -0
-0.817899728414663 0.2455573605812713 -0
-0.8520385226166216 0.2093260783219225 -0
-0.8058838292589213 0.1976606778757828 -0
-0.7706951535938514 0.2333024575935248 -0
-0.7574998547539247 0.185885548353413 -0
-0.7929010380292798 0.150356038028917 -0
-0.3720100205753327 0.7033415598122464 -0
-0.6526400202042058 -0.5000088192384777 0
-0.7442451456192796 0.1385337356010095 -0
-0.7785941725580963 0.1033086733667906 -0
-0.2042994021698057 0.2650925713198988 -0
-0.217636943354368 0.3124399031767277 -0
-0.2653097061360752 0.3245629196152904 -0
-0.2309744845389299 0.3597872350335566 -0
-0.1833017217572231 0.3476642185949939 -0
-0.1966392629417848 0.3950115504518225 -0
-1.083677622511694 -0.6980869614125089 0
-1.068086534197567 0.6605731782030213 -0
-0.1489665001600782 0.3828885340132596 -0
-0.2329572218104072 0.05260194491287132 -0
-0.2672924434075529 0.01737762949460099 -0
-0.9616570145789397 -0.8170276580034882 0
-1.026091173372311 0.8257164727533995 -0
-0.3856183866549766 -0.3481332750241091 0
-0.4199536082521224 -0.3833575904423894 0
-1.142434379348477 0.767390858355379 -0
-1.155771920533047 0.8147381902122721 -0
-1.121436698935847 0.8499625056305901 -0
-1.169109461717631 0.8620855220691733 -0
-0.9145464807611928 -0.831361593495739 0
0.003694664886641576 0.7836237537532289 0
-0.009642876388902162 0.8309710856987632 -0
0.03802988633399369 0.8188480693176121 0
0.02469234512440622 0.8661954011988531 0
-0.02298041766159593 0.8783184176414977 -0
0.01135480391474649 0.9135427330801593 0
-0.9537260654929662 0.4117135024799561 -0
-1.12567298333692 -0.8632302559629654 0
-1.173345746118703 -0.8511072395243892 0
-1.186683287303296 -0.8037599076674772 0
-0.07263591754963841 0.5832561437982974 -0
-0.8010649006480998 0.8124487224172331 -0
-0.8487376634298036 0.8245717388558069 -0
-1.078000220555153 -0.8753532724015459 0
-0.2959502630481142 -0.1951129969124356 0
0.05902756669929416 0.9014197166389338 0
0.04569002551096009 0.9487670484994797 0
-0.9505611266728011 -0.001795301714361701 0
1.398463356778847 0.05934898924650529 0
-0.7230460978695469 0.2211678449244122 -0
-0.7363638831729183 0.2685248403067275 -0
-0.2786472473206369 0.3719102514721194 -0
-0.314965206189263 0.02950064593316311 -0
0.6396969073233754 -0.08873698364826961 0
0.662111047934599 -0.4323369522200899 0
0.6180005662448298 -0.410567128061143 0
-0.7307026585512787 0.09125400363000993 -0
-0.7650609196785118 0.05602260269003619 -0
-0.001982737271492981 0.9608900649386622 -0
0.03235248432546411 0.9961143803572803 0
0.08002524710724131 0.9839913639187402 0
0.06668770592242093 1.031338695775895 0
1.074397684046458 -0.2082638056457987 0
1.115306145648894 -0.1809479200087733 0
1.033489222444013 -0.2355796912828315 0
0.9893787407542425 -0.2138098671238932 0
0.9925807608415629 -0.2628955769198725 0
0.9484702791517889 -0.2411257527609307 0
0.9516722992391102 -0.2902114625569121 0
0.0170322060274213 0.7362764219390395 0
0.4944891901413571 1.34784845717886 0
0.5886463829207539 -0.5864188048197101 0
0.5900427668386503 -0.6348079809384568 0
0.5490154870303962 -0.6616387598618836 0
0.5931299293270524 -0.6834247542446403 0
0.5522023247914185 -0.7106624838000419 0
0.5963102760935064 -0.7324219769827178 0
0.555398202270875 -0.7597231147767461 0
0.3660826205808042 1.369046866328585 0
0.3903373538441816 0.4618669962721417 0
-0.9115947984887567 0.2662823232532813 -0
1.323050473748578 -0.09345420161953025 0
1.282142012146119 -0.1207700872565719 0
0.1800977694345809 -0.2419545962676876 0
0.4625841205540787 0.6569077130626341 0
-0.3722808454704039 -0.3954806068809492 0
-0.4066160670675538 -0.4307049222992319 0
-0.3379456238732555 -0.3602562914626679 0
-1.221018508900503 -0.8389842230858121 0
-1.207680967715911 -0.8863315549427242 0
-1.255353730497708 -0.8742085385041489 0
0.2491066122902628 0.009020014190256043 0
0.2523086323775467 -0.04006569560572685 0
0.5088019962789896 -1.354287676150392 0
0.467893620788968 -1.381603556170006 0
0.5120034074118196 -1.403373425670425 0
0.4710948443169594 -1.430689317928114 0
0.5820729169352915 0.7948062373570102 0
0.5788631530807645 0.8438916701787937 0
0.5347513807631527 0.8656614481753635 0
0.5756578329445678 0.8929772604784045 0
0.5315468012466775 0.9147470647212811 0
0.3935328923086256 0.412790994270224 0
0.9075618175493368 -0.2684416383979668 0
0.9107638376366571 -0.3175273481939512 0
0.4319525792238521 -0.1762307020374428 0
-0.3016276650046991 -0.0178466859236691 0
-0.2539549022229881 -0.02996970236223137 0
-0.1623040413446406 0.4302358658700851 -0
-0.2099768041263464 0.4423588823086506 -0
-0.1158805339167252 0.4193305724417301 -0
1.133800466640196 0.189967934200363 0
1.089689984950366 0.2117377583593388 0
1.048781523347858 0.1844218727222693 0
1.045579503260536 0.2335075825183119 0
1.004671041658034 0.2061916968812422 0
1.001469021570711 0.2552774066772797 0
0.9605605599682138 0.2279615210402089 0
0.9573585398808921 0.2770472308362381 0
0.916450078278409 0.2497313451991742 0
0.9132480581910839 0.2988170549951902 0
0.114360468704265 1.019215679337287 0
0.1010229275197264 1.066563011194175 0
-1.134774240120424 0.8973098374875039 -0
-1.182447002902222 0.909432853926085 -0
-1.216782224499423 0.8742085385077563 -0
-1.23011976568402 0.9215558703646627 -0
0.5724548362775804 0.9420629348166241 0
-0.1366434938175323 0.335255412024065 -0
0.5886031696490365 0.6966384619990464 0
-0.8261524461948474 0.1149944253233582 -0
0.7686226840289048 -0.5594189202850839 0
-0.04389995697136176 -0.7993301619023101 0
0.1768957493472668 -0.1928688864717342 0
0.1046848864043305 -0.3947577871336554 0
0.1014828663170237 -0.3456720773376907 0
-0.7267170554972829 0.7056310422650118 -0
-0.6923818339001466 0.7408553576832739 -0
-0.7057193750847143 0.7882026895400938 -0
-0.6580466123030146 0.7760796731015291 -0
-0.6447090711184524 0.7287323412447171 -0
-0.6103738495213232 0.7639566566629752 -0
-0.5970363083367588 0.7166093248061632 -0
-0.5627010867396294 0.7518336402244222 -0
-0.5760386279241936 0.7991809720812314 -0
-0.5283658651425028 0.7870579556426819 -0
0.1078869064916425 -0.4438434969296124 0
0.4376422937278541 0.3910227880769707 0
0.2619146926394434 -0.1873228249936491 0
-1.049342400914499 -0.6628626459941862 0
-1.09701516369628 -0.6507396295556086 0
-1.062679942099019 -0.6155153141372726 0
-0.7746606281368629 -0.3810681226476278 0
-0.7879981693214342 -0.3337207907907671 0
-0.822333390918601 -0.3689451062090535 0
-0.8356709321031698 -0.321597774352201 0
-0.8700061537003317 -0.3568220897704816 0
-0.8833436948848996 -0.3094747579136364 0
-0.8490084732877439 -0.2742504424953563 0
-0.9176789164820525 -0.3446990733319118 0
-0.8966812360694655 -0.2621274260567938 0
-0.8623460144723154 -0.2269031106385177 0
0.2281280707442123 -0.9782402432072741 0
-0.391295788611556 -0.1708669640353165 0
0.2025119100457523 -0.5855545648394569 0
1.177910948330008 0.1681981100413263 0
-0.3166682427748748 0.8211288707478834 -0
0.5023978324978794 -1.256116264621732 0
-1.130186790007665 -0.6870981700543386 0
0.457771293726409 1.125442401146753 0
0.4892124499246434 1.087613946424494 0
0.5062543675606619 1.13375720758943 0
0.5376964974832124 1.095928248156521 0
-0.904341375297488 -0.3920464051887544 0
-0.9516785239958661 -0.3802505316282182 0
-0.9386206612140879 -0.4273252444200324 0
-0.9859484872990403 -0.4155384581616638 0
-0.9729356838154883 -0.4625692489930047 0
-1.020605080097917 -0.4504495140802171 0
-0.3493004277864107 -0.005723669485106547 0
0.2818446126958616 -1.147267196754139 0
0.2377341310061238 -1.12549737259519 0
0.2409361510934176 -1.174583082391143 0
0.1976725829332723 -1.152758011315215 0
0.1937648015713226 -1.10371834061675 0
0.1546744873809849 -1.13273250817103 0
-0.7173555382809381 0.04390979644816138 -0
-0.7516891633638052 0.008686001809038037 -0
0.9043597974620075 -0.2193559286019903 0
-0.03830069604465979 0.6184804593064086 -0
-0.6466918083896901 0.4215470511235949 -0
-0.8797427350272764 -0.7942948455326762 0
-0.8669830402779525 -0.8439145108614349 0
-0.8321038100997746 -0.8065509265439303 0
0.7745082067020689 0.4622891000846766 0
-0.45428882984927 -0.4185819058606748 0
-0.4409512886647052 -0.4659292377175155 0
-0.3932785258829806 -0.4780522541560744 0
-0.427613747480129 -0.5132765695743611 0
-0.4752865102618586 -0.5011535531357991 0
-0.4619489690772799 -0.5485008849926503 0
0.2817990179097523 1.139086882554537 0
0.2499588192796011 1.176584403937355 0
0.4486804791929715 -1.087089364002057 0
0.4927909608827362 -1.108859188161018 0
0.4895889407954409 -1.059773478365021 0
0.5336994224852275 -1.081543302523993 0
0.530497402397905 -1.032457592728014 0
0.5369014425725078 -1.130629012319996 0
0.3885598970667233 -0.8198909908632166 0
0.4952751814375097 -0.4925147849722147 0
-0.5096217318590153 -0.5363778685540872 0
-0.4962841906744379 -0.5837252004109411 0
-0.4486114278926991 -0.5958482168495037 0
-0.4829466494898578 -0.6310725322677966 0
-0.5306194122716068 -0.6189495158292366 0
-0.5172818710870234 -0.6662968476861038 0
-0.5649546338687907 -0.6541738312475436 0
-0.5516170926842011 -0.7015211631044319 0
-0.5992898554659813 -0.6893981466658639 0
-0.5859523142813865 -0.7367454785227729 0
-0.6336250770631914 -0.7246224620841987 0
-0.5382795514995845 -0.7488684949613413 0
-0.6202875358785882 -0.771969793941127 0
-0.4352738867081175 -0.6431955487063529 0
-0.6679602986604047 -0.7598467775025499 0
-0.6546227574758028 -0.807194109359493 0
-0.9670636066775564 0.4590608343368868 -0
-0.696388175593906 0.1264713579959527 -0
-0.6812978398450042 -0.7124994456456153 0
-0.9483194733943542 -0.8643749898603996 0
1.448977878643265 -0.06059225450441136 0
1.489886340245729 -0.03327636886736516 0
1.486684320158411 0.0158093409286354 0
1.530794801848196 -0.005960483230316383 0
1.527592781760822 0.04312522656558088 0
1.571703263450606 0.02135540240660423 0
-0.9100187772540332 -0.2147800941999556 0
-0.8756835556568818 -0.179555778781677 0
-0.8280107928751608 -0.1916787952202394 0
-0.8413483340597343 -0.1443314633634203 0
-0.7936755712779739 -0.1564544798020243 0
0.201015755275498 -1.201834513291667 0
-1.001330295040618 0.4241060202123235 -0
-0.9922054949199414 0.3777110036429646 -0
-1.01472494725368 0.4712287676577801 -0
-1.190107142130237 0.7795138747939616 -0
-1.176769600945672 0.7321665429370802 -0
0.599427803343081 -0.7814939684539053 0
0.5585851164505817 -0.8088023583821095 0
-0.9619001520709421 -0.3347145047487265 0
-0.7981603478044866 0.02114771602461028 -0
-1.110352704880846 -0.6033922976987161 0
-0.6069499946939687 -0.8193171257980707 0
0.1486956903014716 1.054439994755663 0
0.1353365374267469 1.1017023404223 0
0.6026132236395101 -0.8305763141640307 0
0.5617818522548103 -0.8578864297987487 0
0.0171827734183333 -1.016648171970512 0
0.4486442665157824 1.469651009478723 0
0.4971263775454177 1.477966342299218 0
0.6389789014994807 0.5766927113445046 0
-1.24201618931312 -0.921555870361056 0
-0.8187719085575635 -0.8539204358296609 0
-1.47827456292502 -1.000067044719808 0
0.4925938173529197 -1.715268998449529 0
-1.407779978857882 1.09690295787182 -0
0.6081337712742945 1.678002271470264 0
1.78516593318007 -0.05767758683969568 0
1.574905283537983 -0.02773030738930726 0
1.61581374514042 -0.000414421752358921 0
0.3494304507278753 0.4345487779894191 0
-1.264454987281219 0.8863315549463382 -0
-1.277792528465819 0.9336788868032403 -0
-1.2343560500851 -0.7916368912288869 0
-0.6713841534875874 0.8234270049583483 -0
0.2772069935434458 0.2326787390110923 0
0.2804090136307593 0.1835930292151457 0
1.118508165736212 -0.2300336298047283 0
1.159416627338637 -0.2027177441677148 0
-1.28968895209491 -0.9094328539224807 0
-0.02457230226298127 -0.9947246988089145 0
0.5152051932468189 -1.452459150747426 0
0.4742966926023176 -1.479775038931292 0
0.4301862044055431 -1.458005215196795 0
0.4761758001844293 1.034513726136304 0
0.1276980098888624 0.9718683474803471 0
-0.3799409846984079 -0.5253995860129156 0
-0.2826127218635393 -0.242460328769273 0
-0.8155225904171558 0.8608879292874898 -0
-0.864090994432151 0.8729932167632924 -0
1.326252493835891 -0.1425399114155102 0
1.285344032233393 -0.1698557970525621 0
0.7244071697134233 -0.5758834957848806 0
0.7471299912268191 -0.4267908907420027 0
0.7880384528292692 -0.399475005104967 0
-1.194589385949401 -0.9345490256083396 0
0.2459045922029469 0.05810572398620509 0
0.2049961306005235 0.03078983834918816 0
0.06377642480189855 -0.4220736727706719 0
0.06697844488920854 -0.471159382566628 0
-0.02496315490872996 0.5711331274969795 -0
0.433388182580247 -1.507090927726891 0
0.4774986694790316 -1.528860751546063 0
0.5547366545802049 1.142072445881143 0
0.6229718404541338 0.8221217803796087 0
-0.2482775002663961 -0.2072360133509955 0
0.6058914532307614 -0.8796559808944538 0
0.5465077077740899 -1.277886128339012 0
-1.0489897319158 0.4362814396802577 -0
-1.062393585350117 0.4833680040816514 -0
1.036478797806953 -0.2834930143363351 0
-1.007321100780355 -0.4977446360204821 0
-1.055002229456837 -0.4856134648501903 0
-0.5150283239579361 0.7397106237858702 -0
-0.480693102360809 0.7749349392041325 -0
0.06129271982507707 -1.038418036794436 0
-0.6886917789205516 0.2564015017506416 -0
-0.7020254383656519 0.3037507323478221 -0
-0.8830728850269789 0.7893474234375679 -0
1.156214607251356 -0.153632034371729 0
0.09580302055958252 -0.9129302850401819 0
-0.6313715299338912 0.6813850093879005 -0
-0.583698767152194 0.6692619929493446 -0
0.3526227346360736 0.3854776493891553 0
0.9637625800555392 0.1788758112441764 0
0.08946032138080058 -0.8147542130497346 0
0.8666533559468649 -0.2957575240349832 0
0.4945573819048399 0.1729153280123923 0
0.1022010922136998 -1.011102157935006 0
0.3814380573594953 -0.05628945828654737 0
0.3405295957570486 -0.08360534392357515 0
0.3060251743291933 -0.209092649152583 0
0.2370163314735756 -0.4600672596104783 0
-0.3129824689177823 0.3366859360538534 -0
-0.3263200101023447 0.3840332679106833 -0
-0.3626379689709739 0.04162366237172601 -0
-0.2616150414509685 -0.1598886814941601 0
-0.3359628866018461 -0.05307100134194004 0
-0.3836356493835587 -0.040947984903377 0
-0.1756415825292087 0.4775831977269132 -0
-0.2233143453109111 0.4897062141654781 -0
-0.05929837651398426 0.5359088120866131 -0
0.5194627938355045 0.4456491960319259 0
0.8723395965886089 0.2715011693581317 0
0.8691375765012884 0.3205868791541417 0
0.9100460381037548 0.3479027647911952 0
0.8755416166759311 0.2224154595621056 0
1.055185563522512 0.08625045313019505 0
0.6212025863321458 -0.4596528378571255 0
0.5080832617867479 -0.6888576241562105 0
0.517689322048668 -0.8361147535443346 0
0.5208883502220381 -0.8852007720229432 0
-0.5229592730435859 -0.4890305366972408 0
-0.7156330614422226 -0.7477237610639654 0
-0.5782921750533668 -0.6068264993906591 0
-0.7040074476709713 -0.003434201690768367 0
-0.7383441614199751 -0.03865898593217885 0
0.8659355564139661 0.3696725889501425 0
1.042377483173213 0.2825932923143529 0
0.0533501647377916 1.078686027632866 0
-0.01532027845651209 1.008237396796007 -0
-0.04965550005376635 0.9730130813776716 -0
1.130598446552783 0.2390536439962764 0
0.6330784246768834 -0.6598160012572862 0
-0.3456057631012611 -0.4901752705946343 0
0.4561624490099854 0.761944967684403 0
0.4529311207698007 0.8110295553597691 0
0.3462158363991361 0.4836533494689535 0
0.2740049734561676 0.281764448807061 0
-1.034535289126553 -0.4065880237534268 0
0.4656840325409149 1.515795415533466 0
0.4172019216346659 1.507480082636065 0
0.1359872877448368 -0.2201847721087514 0
0.5746078840877228 -1.054227416886955 0
0.5714058640003759 -1.00514170709101 0
-0.9245392239786354 0.03967207769922985 -0
0.6404147068561898 -0.754167096633122 0
-0.6431886316792914 -0.852686069767334 0
-0.6892752149709614 -0.8421091962029849 0
-1.243457306868614 0.9689032022215716 -0
0.5141661434612755 1.524110748422089 0
-0.9016410940820389 -0.00386337414615778 0
-0.8891336496210469 -0.1326510514522749 0
0.00937206666495527 0.6063574429381242 0
0.9548743193264311 -0.3392971723528966 0
0.9139658577239805 -0.3666130579899364 0
-0.5417034063270694 0.8344052874994859 -0
-1.276351410910324 -0.9567801857793772 0
-1.325667754496065 -0.9430550740141298 0
0.4827237984773321 1.56193982164352 0
-0.8529739478307643 -0.8886210227376207 0
-1.224442363727421 0.7442895593756614 -0
0.5259915246745864 1.441088952112358 0
1.162618647425948 -0.2518034539636523 0
0.2363316137680405 0.2053650114089708 0
-0.8581651964132979 -0.09506959587747718 0
0.02038400371785002 -1.065733941763756 0
-1.14759465092927 0.9466907419172641 -0
-1.100352830127252 0.9328730816679732 -0
-1.34264981425308 -0.89559742777243 0
-0.01162561376777062 0.5237857956826458 -0
0.3085219661947866 0.4072329270374415 0
0.6645091589853597 -0.4802187222137607 0
1.493088360333044 -0.08236207866337257 0
1.452179898730579 -0.1096779643004141 0
-1.211104822542857 0.696942227518788 -0
0.185533234934601 1.090503625002852 0
0.586178960514702 1.104243393426887 0
0.5718985452741923 1.059852345427041 0
0.6165652468720646 0.9202931080674142 0
0.6133361605565272 0.9693243231570797 0
0.1327852676575246 -0.1710990623127999 0
0.1736937292599518 -0.1437831766757828 0
-1.291130069650413 0.9810262186601426 -0
-1.325465291247612 0.9458019032418126 -0
-1.338802832432207 0.9931492350987068 -0
-1.501663634003013 1.042242031609145 -0
-1.45527065846039 -1.106096484382921 0
0.6022413433593001 -1.7258856771347 0
0.5284577526106506 1.742076416072402 0
1.823857347170124 0.03765983338054322 0
-1.310804764622372 -0.9911248224428792 0
-1.360296594913049 -0.9778657604188645 0
0.5561136327226128 -1.425143266553807 0
1.568501243363525 0.07044111220218027 0
-0.21366501110414 0.9268041887091606 -0
-0.3703651992016896 -0.8759657484224033 0
-0.46735556117624 0.7275876073473186 -0
-0.4330203395791103 0.7628119227655825 -0
-0.4463578807636797 0.8101592546223959 -0
-0.9474692825359751 0.08319074365448655 -0
1.203527109028345 -0.2244875683266433 0
0.06449435377625784 -1.087503775922238 0
-0.9596572649764107 -0.5098589508062568 0
-0.9784184105905577 0.8135934563148149 -0
-0.9917559517751204 0.8609407881716906 -0
-1.112335442152332 -0.9105775878198511 0
-1.064662679370581 -0.9227006042584218 0
0.1110889265789532 -0.4929292067255692 0
-0.7803380300934136 -0.2038018116588077 0
-1.251117446096606 0.8389842230894395 -0
-1.30082422072269 0.8505342670778548 -0
-0.7669163704817188 0.8478550170043851 -0
1.122108429816683 -0.2783124091339948 0
1.483482300071093 0.06489505072459596 0
0.07018046497651828 -0.5202450923625845 0
0.02606998328677587 -0.4984752682036445 0
0.02927200337408479 -0.5475609779995992 0
-1.163432059761107 0.6848192110801976 -0
-0.5893761691087475 0.8465283039380337 -0
0.4294683586691966 -0.7925751052261854 0
-0.810689549215647 0.3753495878947871 -0
-0.6753543474908743 0.2090541162075295 -0
-0.641015961294224 0.244279979579433 -0
0.2423341518510038 0.1564619884869441 0
0.2840833003551819 0.1345381269039949 0
0.4767803617938896 -0.8634306906283618 0
0.2153199903949775 -0.7818974040233938 0
0.6261735614887196 0.7730360596436201 0
-0.9432695792365691 -0.2496989332438702 0
-0.9575108034333137 -0.2026061650323371 0
-0.3246080826886827 -0.4076036233195079 0
-0.2902728610915368 -0.3723793079012283 0
-0.4009386651109634 -0.6079712332880627 0
-0.3876011239263819 -0.6553185651449087 0
-0.4219363455235348 -0.6905428805632017 0
0.359023916748331 0.287310510285145 0
0.2443028488114648 -1.223658049731013 0
0.2034218334808212 -1.250972144958662 0
0.1607697256691061 -1.230781335896898 0
-0.1679814425011356 0.6075021760789618 -0
-0.4733037729904191 -0.1939682630150342 0
0.5418698836819064 0.1020597940574926 0
1.354352875089082 0.08111881340543836 0
1.395261336691522 0.1084346990424701 0
1.351150855001763 0.1302045232014048 0
0.1270990270154684 -0.7383577557054632 0
-0.1909618609852429 0.2177452394630694 -0
-0.3816529121120799 0.2662373052173211 -0
0.1961078698711373 -0.4873831452474975 0
0.2402183515608865 -0.5091529694064419 0
-0.2576495669080532 0.4544818987472136 -0
-0.2709871080926137 0.5018292306040439 -0
-0.3053223296897584 0.4666049151857847 -0
-0.1566266393880983 0.2529695548813368 -0
-0.1432890982035356 0.2056222230245082 -0
-0.02567139313794149 0.1813287430122034 -0
0.2665672728331463 1.222370171963807 0
0.2184646790208267 1.214370085556572 0
0.2351308089696048 1.260203880289098 0
0.1866496782534712 1.251889319906836 0
0.1700139741619769 1.208010588885174 0
-0.6180339887493118 0.6340376775310825 -0
-0.5703612259676248 0.6219146610925235 -0
-0.3893130513401001 0.1363183260853874 -0
-0.5629718965972802 -0.3469885411267465 0
1.238031530456349 -0.09900026309762122 0
0.2473401912680035 -1.272754501983042 0
0.5674860443804415 -0.2906258843102387 0
0.6774033488384341 -0.01233538821540255 0
-0.7460028084961665 -0.1685774962405909 0
0.7848364327419479 -0.3503892953089852 0
0.5232943063914705 1.179901520904284 0
0.5717764561784525 1.188216832948873 0
-0.5016907827733696 0.6923632919290543 -0
-0.7193277261270805 -0.2632721599541886 0
0.4906382479762207 0.88743117576492 0
0.4874355421976044 0.9365168605886969 0
-0.2366518864954705 0.5370535460223073 -0
-0.6657067515309821 0.646160693969617 -0
-0.0629930412383783 1.020360413234621 -0
-1.200020828487886 -0.7564125758105555 0
-1.247693591269697 -0.7442895593719544 0
-1.210987789463186 -0.7122418517287381 0
-0.04596083536150578 0.4885614802610566 -0
0.4607707600096888 -0.618002090201218 0
0.5403341070758965 1.22604590838183 0
0.5433056521292111 -1.228800420862586 0
-0.690670155178384 -0.05078161168478861 0
0.5770921046423791 -0.437883013698172 0
0.5738900845550612 -0.3887973039021952 0
0.5329816229526171 -0.4161131895392188 0
0.1840175890544692 -0.9564704190483251 0
0.1872196091417766 -1.005556128844295 0
0.1808155689671576 -0.9073847092523533 0
-0.09165086046143478 0.8078697864203508 -0
-0.6276779109688968 0.1969328967671515 -0
-0.5496343554127044 -0.3943358729835806 0
-0.557294494640749 -0.5242548521155228 0
-0.5706320358253028 -0.476907520258695 0
0.4863869207081057 -1.010687768569056 0
0.4262663385818684 -0.7434893954301961 0
-0.980399244161186 0.5064156523408612 -0
-0.9940023402978535 -0.5450736612173074 0
-0.6696739843113824 0.03178955810787176 -0
0.3949639372413056 -0.9180624104551574 0
-0.7289706026268009 -0.7003764292070255 0
0.8282291148988548 0.2932709935170875 0
-0.6946353810295698 -0.6651521137887105 0
0.4799822987724162 -0.912516408998864 0
-0.7843035046362821 -0.818172391900898 0
-0.7705355321246012 -0.8638270880464988 0
-0.7976623029345558 -0.770908651890804 0
-0.09732826283559562 0.9851360978162613 -0
-0.08399072165106045 0.9377887659594042 -0
0.9068440180163871 0.3969884745871146 0
0.9509544997061683 0.3752186504281543 0
0.8627335363265721 0.4187582987459859 0
0.8218250747241516 0.3914424131089644 0
1.392059316604271 0.1575204088383315 0
1.347948834914524 0.1792902329972589 0
1.436169798294061 0.1357505846794869 0
1.307040373312012 0.1519743473603274 0
1.303838353224759 0.2010600571562035 0
-0.02865781964118472 1.05558472865303 -0
-1.113776559707782 0.9798814847627708 -0
-0.1089538766063913 0.2408465384427748 -0
-0.2139422786692541 -0.1720116979327179 0
-0.2020396209085802 -0.2211440192084422 0
-0.2272798198538243 -0.1246643660758858 0
-0.7814051754892233 0.8963245537361106 -0
-0.7326485652345913 0.8831450471225027 -0
0.2036273348755336 1.297982086215743 0
0.2520990942287438 1.306288812480069 0
0.1484194985919637 0.1647245634991872 0
0.5305937097092288 1.570481221794414 0
-0.5973425246457369 -0.8716778666955619 0
-0.5598989104348528 -0.8322757104100719 0
-0.5459396907274885 -0.8787874740936036 0
-0.5117080822174138 -0.8437024200374328 0
-1.255748777614813 1.017830505400573 -0
-0.5557851310109265 0.8815429860426028 -0
0.6666510450911926 0.8009948666647189 0
0.7889669983396934 -0.4487090210229053 0
0.8325161184583136 -0.4249031322298357 0
0.130282578544865 -0.1223031489277344 0
0.1706082643350792 -0.09474576628164724 0
0.2146216167227853 -0.1164753409390675 0
1.618794755496539 -0.04916914582719249 0
1.659666382143838 -0.02179809590326111 0
1.656679232628601 0.02696582221927449 0
1.698419284744428 0.005052560862160944 0
1.577217408033522 -0.07548330331580151 0
-1.196950581746374 0.6498249564548222 -0
-1.149958401974556 0.637510222688794 -0
0.718421060926578 -0.6243929927181668 0
0.02435649860585861 -1.114399662843308 0
0.0687724304810536 -1.138274555958344 0
0.7235384114048001 0.5813078591023424 0
-0.9272100854962322 -0.0438677790696549 0
0.5888162256400892 1.234361237173644 0
0.5573738793798246 1.27219031107934 0
-0.0154297574516277 -0.5254993401418325 0
-0.01173500475100857 -0.5748282280201451 0
-1.182513346387259 0.6027874037505919 -0
-1.136414892327244 0.5902209112682787 -0
0.1387069365191999 1.243748547018601 0
0.118364712706751 1.197566852285369 0
-1.256387443646374 0.7124129578288461 -0
0.679332763443303 -0.5934850808171321 0
0.5580370242666013 -1.474312385437615 0
0.1963684530832713 1.042316978317102 0
0.7486129130756275 -0.4815933886361188 0
-0.3748371362012045 -0.7021068205543468 0
-0.4092679500415857 -0.7372379565647458 0
-1.098997900967745 -0.9579249196767172 0
-1.05107792996521 -0.9702690602810243 0
-1.017847046476527 -0.9340328574960441 0
0.389813075952997 -1.484236323293864 0
0.3861649141047706 -1.436054596790515 0
0.3458066886717872 -1.462255570047984 0
0.3420866467145641 -1.414219485409149 0
0.4379118536763372 -1.553498676172853 0
0.4812557841915237 -1.576821702007982 0
0.5217016606060823 -1.550443116229175 0
0.5246629825576782 -1.599514290081219 0
1.328867862360463 -0.1907470477232515 0
1.370265200265195 -0.1641633066597475 0
1.287861625497425 -0.2179165044456024 0
-0.1808645622386316 -0.1367117180959693 0
-0.1931541824511012 -0.08942743992119967 0
-1.285499862395226 0.8048119203070849 -0
0.002145021081787602 0.4781415689707725 0
-0.03041498860908094 0.4377656409309881 -0
0.5591954541814196 1.534489001725053 0
0.6147174652782834 -1.026963644810815 0
0.6121811788675268 -0.9778345070474965 0
0.613339246522419 -1.078752317099136 0
0.1653626001699615 -1.275215975006608 0
-1.335209038163779 0.8158734701284572 -0
-1.076017483283574 -0.5681679822803806 0
-1.123690246065416 -0.5560449658418359 0
-1.157266076667092 -0.586869389419597 0
-0.5093509219480447 0.5624443127451393 -0
0.1498632429469441 -1.082237701990262 0
-0.3986851179819821 0.7980362381838471 -0
0.3117139865335247 0.3581621929923107 0
0.2682886966922686 0.3792591878118184 0
0.3028231542418848 -0.1600069393566094 0
-0.9440831889933605 0.8488177717330846 -0
-0.9574207301779354 0.8961651035899725 -0
-1.005478215247096 0.9067752313479428 -0
-0.9768899915729913 0.9411329617474389 -0
-0.9300824498579555 0.9323053293850402 -0
-0.7496982530383118 0.3158737234041325 -0
-0.7153622515840762 0.3510984202869752 -0
-0.6676896101300372 0.3389753445013613 -0
-1.015007179317241 -0.6276383305758189 0
-0.8089958497340405 -0.4162924380659135 0
-0.5933420770816921 0.2321575116852587 -0
-0.9959922361761554 -0.8522519734218141 0
0.2313300908315226 -1.027325953003258 0
1.225223450107094 0.09734257608632002 0
0.346933635931636 -0.1817767635155482 0
-0.2843246492771715 0.5491765624608718 -0
0.13918930783215 -0.2692704819047043 0
0.09533610619055723 -0.2478859621474134 0
0.1744115287925309 -0.8092132896604056 0
0.2875308533379516 -0.5800085033613784 0
-0.2749525826355381 -0.1125413496373282 0
0.3846400774467944 -0.1053751680825208 0
0.4255485390492395 -0.07805928244548588 0
-0.3606552316994895 0.3488089524924164 -0
-0.3739927728840534 0.3961562843492495 -0
-0.3036104022761097 -0.3250319760443886 0
-0.2559376394943913 -0.3371549924829473 0
0.2811268131633277 -0.4818370837694265 0
-0.8909945114994994 -0.4394028243477601 0
0.3501356560189477 -0.2308624733115174 0
-0.3702981081989937 -0.08829531676020888 0
-0.4179708709807063 -0.0761723003216481 0
0.6428989274106922 -0.1378226934442379 0
0.6838073890131322 -0.1105068078072252 0
-0.154643901859768 0.5601548447516185 -0
0.5297796028653019 -0.3670274797432436 0
-0.43130841216527 -0.02882496846481574 0
0.4991951645132063 -1.207030597090214 0
-0.4563830914044605 -0.7256584866722858 0
-0.4430641376004818 -0.772987700310934 0
-0.5152991338155545 -0.3591115575652939 0
-0.003965474523519566 0.6537047747987687 -0
0.04370728824552993 0.6415817583725558 0
-0.09363359814263685 0.5006844966990693 -0
0.580294124729698 -0.4869687234941477 0
0.4703768202716349 -0.7652592195891572 0
1.262929891622245 0.1737441715192761 0
1.259727871535249 0.2228298813149723 0
1.432967778206981 0.1848362944753055 0
-0.131663484432778 0.9499117823978467 -0
-0.1183259432482072 0.9025644505410053 -0
0.5240927666107261 -0.9342862345869529 0
-0.7423081438112982 -0.653029097350185 0
-0.725005418224163 -0.08600594012584842 0
-0.774228963327201 -0.07181941859281632 0
-0.6773323980297328 -0.09812887568725967 0
0.9477524796189175 0.4243043602237967 0
-0.1106658040199106 1.032483429673142 -0
-0.3338032184817415 -0.5379550044285583 0
0.6176213837680292 1.066414278490247 0
0.5881684676359836 -1.248089756939058 0
0.5907434358805648 -1.299242547116735 0
0.5842139443494894 -1.201484546274921 0
-1.096292555501469 0.4482690885123949 -0
-1.109568440153297 0.4955938591016236 -0
-1.075658506465577 0.5306917177904149 -0
0.598068791130977 -1.451648068284981 0
-0.8778885104989179 0.03820774066284607 -0
0.2015113030225936 0.08539314225630369 0
0.1609379285046184 0.05172848637127987 0
0.1646448442289085 0.003371201309255152 0
0.2366073453020394 1.074561390637188 0
0.3020681283778512 -1.441466786196717 0
0.298948614230285 -1.39368606331853 0
0.4998966825727544 1.606750867472215 0
0.5477453896790685 1.61552839302199 0
-0.6773372503124411 -0.8885313185722743 0
-1.371699823470876 0.9565229913718274 -0
-1.386475595213989 1.005272251537264 -0
-1.067706889598728 0.9651473644097408 -0
-0.2432852803455962 -0.3850228619660111 0
-1.278435036485127 -0.7801644543152215 0
0.646504025613811 -0.8503853825886376 0
0.6702815091311958 0.7512661443610679 0
-0.5073681847299562 0.8696296029177385 -0
-1.294824507577349 -0.7379298848823101 0
1.615522806313208 -0.09822870612151315 0
-0.9934262371646615 -0.2418085807028839 0
-0.411503882607708 0.8440767527629376 -0
0.6481777642933305 -0.899272804264892 0
0.5642762700922074 -1.57251106422486 0
1.495115882245818 -0.1296888517690694 0
1.457309688448481 -0.1598244294242577 0
-0.3029568216086468 -0.5039150710280664 0
0.4138080387658502 0.7838300042016273 0
0.4088206390800445 0.8327993795187103 0
0.4157902335323581 0.7351806476580519 0
-1.083406812653834 0.4007352199387565 -0
0.6622852518593649 0.8484045320618068 0
-0.6022234314249055 0.8920415251606286 -0
-1.171363008847188 -0.5439219494032672 0
-1.135547724668584 -0.5101403384380634 0
-1.002721649840185 -0.1899548110341386 0
-0.9690088558341503 -0.1567152643490337 0
-0.3550219509190653 -0.6183825254034747 0
-0.02004701954021632 -1.0907275150224 0
-0.4996894484543089 -0.8897512620904893 0
-0.4645214722214784 -0.8560199863384688 0
0.6574734287819408 0.9476089835448546 0
0.05490403069073396 0.593573180968472 0
-1.262668958663851 -1.003224034964241 0
-0.09831059030596703 0.1927402464910554 -0
-0.1304005994996622 0.1581483978185314 -0
-0.08646989714393505 0.1449712589386558 -0
-0.1173873733989695 0.1107097077875829 -0
0.1301701027649275 -0.07340213250454197 0
0.9574767536416414 -0.3874849382981256 0
0.9111840805709744 -0.410210789052207 0
0.9976124933209404 -0.3584056700377589 0
1.872065467419016 -0.01972525163795059 0
0.5614458126559669 -1.785314268505151 0
0.5951621938753113 1.774359152161296 0
-1.503600601594076 1.114340014880147 -0
-1.524438471165126 -1.085659147941189 0
-0.01729075712593796 -0.478284991052939 0
-1.209122085271381 1.004127517639921 -0
0.1696933707140806 1.137011642030984 0
0.5687213694645663 0.9875285300068916 0
-1.08000353816017 1.011335721040484 -0
-1.169868127677294 0.5552450476092086 -0
0.7944424930039071 -0.4976464246969373 0
0.6901013244582912 -0.5455641285036288 0
0.513869052804275 1.647291558077879 0
0.4465270805951646 0.9092009749516735 0
1.204575036252387 -0.2734603567188539 0
0.2686482180795489 0.42928897048989 0
-1.360830579363708 0.910330846338944 -0
0.6412669909275134 1.112289555972007 0
0.7016504998961414 0.827251459177391 0
-0.5699410317028955 0.9229437965168732 -0
0.6575631462337448 -0.9999965982077712 0
0.2199772024442768 1.345236856429715 0
0.2690119636463123 1.352608366961346 0
-0.1381583804499417 -0.101613675613228 0
-0.1588306694410777 -0.05358033685065336 0
0.4802664055999759 -1.631922939403785 0
0.5300460553594684 -1.648924882708552 0
-0.856860667166516 -0.006031012056718117 0
0.121761303077262 0.02014874357465292 0
1.70243051468063 -0.04539841135470429 0
-1.345374176764206 -1.034967002476748 0
-1.395178113924359 -1.014234770790064 0
0.443674506899034 0.9590133072675411 0
0.4023153580520514 0.8810320197195779 0
-1.407289443867639 -0.9664168527416485 0
1.499492400507694 -0.1805334982554242 0
1.375872544959445 -0.2117142352911324 0
0.444372700789475 1.598674949991197 0
0.6076815701550473 1.280392411232367 0
0.5747179094625599 1.318315844619179 0
0.6228957574788718 1.32665004941503 0
0.5911130233584265 1.363925226426643 0
-0.5352195064913424 -0.9224002322574992 0
1.744943170122698 -0.01663818443305605 0
-0.3904552221593534 -0.790199863242377 0
0.3672503779526395 0.7616350682680629 0
0.3757774891291879 0.7094047605321007 0
0.3302057359624855 0.7290818984486822 0
0.6365761035111848 -0.5568062509156008 0
0.620258570623455 1.196532163952584 0
0.02499014675434872 -1.16357075652373 0
0.06710166677306813 -1.191406729678757 0
0.07351069338615439 -1.240035790651436 0
-1.219422029615408 1.057097206738584 -0
0.4850574496998389 0.9833358954511621 0
-1.349460095849338 1.041337833034974 -0
-0.05574693991808617 -0.5531070394776743 0
-0.05291780688799649 -0.6045566605725099 0
-0.09665540152051412 -0.580422925114687 0
0.08200219143939186 -0.150418828675257 0
0.6432103278590708 1.376918970882968 0
0.1721541802901517 1.335785532660266 0
-1.407493821603685 0.9237631900388472 -0
0.03719085971062976 0.5116683149412564 0
0.04799883129769132 0.4653430307738622 0
0.6041745277472215 -1.396670039220808 0
-0.07021033681965808 0.09866514351083007 -0
-0.1030516909837909 0.06574325090444988 -0
-0.1510406664146381 0.07602743921377583 -0
-0.1326866001447108 0.02529734272675794 -0
0.2378224546472773 1.391447297769843 0
0.286164827862643 1.398792970345355 0
0.2524466387343363 1.436662101874078 0
0.2998380770382132 1.4517705338563 0
0.6525696104998586 0.999760194848986 0
0.6780390928658477 1.040237983818501 0
-0.05906514198194371 -0.5044045377926445 0
-1.130438381755856 0.4149961725819504 -0
0.2280117111650284 1.126307999030803 0
-1.354629747811165 0.8610554975105152 -0
-1.158346540235182 1.004205936638395 -0
-0.7472528010400628 0.9313359864752371 -0
-0.6995697549201531 0.9192308798613256 -0
-0.7959626620771185 0.9436340524749165 -0
0.6319128976511044 -1.267870034882293 0
0.6337690056462506 -1.320139583851377 0
0.17544907792611 0.128512829010727 0
0.6392455138254591 1.24036426683658 0
0.1139207920895838 -1.214416880057245 0
0.1123454619545926 -1.160983657691121 0
-1.015394445891938 -0.1346636777364839 0
-1.085660359783172 -1.005272251533573 0
-1.133054522891952 -0.9956699891815122 0
-1.17047862261035 -1.031708455426473 0
-1.041779353510691 -1.019021625171348 0
-1.182481641855267 -0.9862470515088682 0
-1.215143165922978 -1.021264875841658 0
-0.05741006075227921 0.05534041917081393 -0
0.06817310793284788 0.5475234501268204 0
0.3080224307824244 -1.488205865661807 0
-0.6809809768448444 0.9647480596801544 -0
0.7070952340507385 0.9457749412330438 0
-0.05974441947273036 0.221958414833399 -0
-0.08026256378863304 0.2738373614789032 -0
0.2592103780975155 -1.469900896155049 0
0.09506468162719132 0.6246840194362974 0
0.0786566149377996 0.6760102867126303 0
0.1186032357604153 0.6660030884474187 0
0.1194215286082588 0.7137270235294899 0
-0.021728832086442 -1.184220822848352 0
-0.2107999259035142 -0.3551143478005612 0
-0.2203170322530861 -0.3040730036333404 0
-0.1864632236146109 -0.2701849650385116 0
1.477078259896368 0.1630664703165153 0
1.344746814827568 0.2283759427929077 0
-0.3644214365436178 0.8324141457924539 -0
-0.3853475742911137 0.7506889038839867 -0
1.245921024419884 -0.244205494636192 0
-1.455246858040824 1.106892465780595 -0
-1.438007438798624 1.064144164207695 -0
-0.4540180198472364 0.6802402753497044 -0
-0.4883532414203418 0.6450159599080203 -0
1.244149738116368 -0.1968053850405412 0
1.291065771294691 -0.2621866276089614 0
0.8563294961521295 0.5169297183374783 0
0.6308485071134962 1.530712100285666 0
-0.6046964475645915 0.5866903456740968 -0
-0.6066795162179013 0.2795048934587017 -0
0.3340814121896011 1.408092252644866 0
0.3516800448370729 1.453020343600435 0
-0.1926604532539843 -1.009434570051133 0
-0.1793206895453228 -0.9620959780872413 0
-0.2134926004940429 -0.9275138683314021 0
-0.1657278709669673 -0.9157525035377662 0
-0.1316157523106767 -0.9500994850326313 0
-0.1192603242324689 -0.9024950727708896 0
-0.1522204351555803 -0.8696741013666155 0
-0.1075183919981045 -0.854790579887744 0
-0.1387498601322507 -0.8228535451654069 0
-0.08005844030825594 -0.9358957610897197 0
-0.09868067600273248 -0.9850197895776569 0
-0.09443611026978738 -0.8081763011717498 0
-0.1250283483240185 -0.773786642931675 0
-0.07954855395810508 -0.7614638903058474 0
-0.1119775598054412 -0.7249461127672167 0
-0.06826336922527038 -0.7129806860314096 0
-0.09940085955779232 -0.6791191005308581 0
-0.05141295916624844 -0.663779891684565 0
-0.1397310175064233 -0.6917531216590939 0
-1.251581262837432 0.5680457232768303 -0
-1.042409075545104 0.1722122185450561 -0
-0.9932575601641422 0.1702658438179129 -0
-1.01614770789562 0.2138054921358707 -0
-0.9684167871069622 0.2111122666338627 -0
-0.9915437006038119 0.2545274398227148 -0
-0.9443428105485965 0.1681949939616413 -0
-0.9256523805514443 0.2145819544230976 -0
-0.8925204689359872 0.1752387715422512 -0
-0.8419535459278245 0.1614685608353373 -0
-0.9210755509501649 0.1261215722917897 -0
0.5264409172311413 -1.750931383081125 0
0.5371299657755544 -1.69968964747373 0
-0.9307456478087963 0.8014704398762211 -0
0.3830292441675968 1.415393990320515 0
0.6378638290959556 -1.481405726322398 0
0.6157957354122288 1.632594819515686 0
0.6365843443509616 1.481589368949994 0
0.5998816395330946 1.445960807181911 0
1.241185911791195 -0.1480249232854364 0
1.197115129061771 -0.1263059737999861 0
-0.9218571796028188 -1.013154526697056 0
-0.9049154649060466 -0.9682019003074617 0
-0.8564971817553126 -0.9598456934645081 0
-0.9516968746796107 -0.9761219292639362 0
-0.9364515585413907 -0.9253684557276676 0
-1.001750380514958 -0.9852968951667298 0
-0.8252428464516537 -0.9965964378396266 0
-0.8082406824683227 -0.9502363659495905 0
-0.7641409240377661 -0.9424315272590481 0
-0.6810270502081879 0.3863227258141371 -0
-0.6333542907966829 0.374199707727063 -0
-0.7286997961388726 0.3984457504954138 -0
0.6788448483156813 -1.190661480804782 0
0.6439074421186892 -1.159193347918246 0
0.07994401332098153 1.290458225369642 0
1.7385391299479 -0.08153323515791902 0
1.795866389810302 -0.01016046876373673 0
1.766774645973441 0.02949378413084235 0
0.3569156087482823 -1.570435782287275 0
0.2114228342788954 -0.0673909727931386 0
0.2555142314923926 -0.08915288851827209 0
0.3915080330337881 -1.610424411476954 0
0.1399081731788134 -0.9347005139409676 0
-0.9463327076331206 -0.5571936265458488 0
-0.9119980077221266 -0.5219688026092444 0
1.253323831361182 0.3210013009063064 0
1.212415369758384 0.2936854152694494 0
1.168304888068341 0.3154552394284778 0
0.603012116149108 1.726097639013793 0
0.5671353469446623 1.705992594431242 0
0.4596954219480206 -1.678644123641146 0
0.6928270278094014 -1.090445309521357 0
-0.124003345204501 -1.079830761529863 0
-0.1112349565244251 -1.032739451997883 0
-0.06942890728202693 -1.07103912370781 0
-0.0706531804626163 0.8904414340987794 -0
-1.270620477571062 0.7598672221345006 -0
0.03249672997798413 -0.5966360292215407 0
-1.502418289112292 -1.041998487199201 0
-1.445600108095898 -1.038270104363099 0
0.5586249249031587 -1.523541136782439 0
1.165297612484871 -0.3017821564608865 0
1.121715919104666 -0.3277168196664441 0
1.212970516065542 -0.3298367151860014 0
1.118009828124017 -0.3789591321312764 0
1.07990428157613 -0.3532425850023908 0
1.609871989491204 -0.1475982374945654 0
-1.111462641084968 0.3024729605547959 -0
-1.061991857082827 0.3008250882812624 -0
-1.082639365634781 0.3513981312119613 -0
-1.033832974401691 0.3423742223475731 -0
-1.012804993135613 0.2975728308566071 -0
-0.7290173916193112 -0.9800055953652866 0
-0.7128717640464797 -0.9278115596208026 0
-0.9701180113755443 1.023133713664184 -0
-0.9960474257491408 0.9869656481092857 -0
0.3005464005058387 1.314622000313022 0
-0.2270079337113851 0.9741567661567887 -0
-1.196905171242206 0.479577446899155 -0
-1.228678648128526 -0.9689032022179486 0
0.1142909466662623 -0.542014916521525 0
-1.03932947550042 0.2569623721901007 -0
-0.9628350199053664 0.2894804488254946 -0
-1.313999559148702 0.8979554926531175 -0
-0.1049884019933416 0.8552171186157148 -0
0.7421028548813153 -0.752035292903194 0
0.7060629625153638 -0.7182721085078769 0
0.6889755448539412 -0.7678860753450194 0
0.7130465521050471 -0.6711928464455172 0
-1.384525149186636 -0.8252842503748277 0
-1.336609776135607 -0.823360568586252 0
0.4342416875787194 1.553624488741358 0
0.3863802230620346 1.541690509726192 0
0.3700897953512641 1.498093944928427 0
0.330456933234395 1.534607316730341 0
-0.5570236847739914 0.5745673292268362 -0
0.3437316158443297 -0.1326910537195747 0
-0.5250628922499369 -0.7963782984074945 0
-1.454431734711219 -0.9559258882674747 0
-1.380092108360019 -0.924972227617409 0
-1.397763957071165 -0.8759699776173926 0
1.562097203189762 0.1686125317936547 0
1.521188741587428 0.141296646156563 0
1.606207684879526 0.1468427076347049 0
1.609409704966521 0.09775699783890707 0
-0.6850157991461883 0.8710004876581784 -0
-0.6497937562526609 0.9141742357669759 -0
-1.294200700591985 0.6511483500436214 -0
0.0132426335970512 1.220701288141671 0
0.02665926443863694 1.173376235503281 0
-0.007662775549503926 1.138155633287864 -0
0.06101030396732721 1.208605006765351 0
0.07593720479898339 1.161352756403844 0
-0.637048931890402 0.8586513203765926 -0
0.1993098899584466 -0.5364688550434681 0
0.756796792699497 -0.6544246871462103 0
-1.146911183125132 -0.947237190862762 0
-0.9826546949915544 -0.8995993052787177 0
-0.9029249669990285 -0.8863407920683197 0
1.149810567076783 -0.05546061477975209 0
0.2709180091976996 0.3307367366305415 0
0.2205136259700807 0.3507632470905806 0
-0.8731804654812649 1.005468618902601 -0
-0.8567227933677417 0.9585516988491994 -0
-0.8322284433995623 0.9084099341483621 -0
0.3558221322237136 0.336395867288198 0
0.9004399778418115 -0.4951598941786111 0
0.8603531933858084 -0.4666504867872495 0
-1.237538662539227 0.7923880010585825 -0
0.3174883471278389 1.36101081912186 0
-0.4377500544139697 0.9330464348977282 -0
-1.043664998957947 -0.8401289569832292 0
-0.9517433282214041 0.7188987926010474 -0
-1.088528758900227 -0.2595057995930998 0
-1.061984568007134 -0.3009205028395628 0
-1.085019569750237 -0.3465454035882184 0
-1.035200561556345 -0.3370378645433307 0
-1.015912689454948 -0.2941412779429298 0
-0.7536629477242599 -0.2984964753724784 0
0.4003749621006292 1.461190995772216 0
-0.249989423890744 0.5844008741854885 -0
0.5938200046113664 -1.348741675662809 0
0.5541038486156058 -1.375864655793682 0
1.078028914671725 -0.2562126987735622 0
0.4287505591365505 -0.1271449922414546 0
-1.271324954194187 -0.6077601579518512 0
-1.245049185209534 -0.6492019753136936 0
-1.224068578784346 -0.6068800884041716 0
-1.195897669828633 -0.6472556005865365 0
0.1776135488798457 -0.8582989994563788 0
0.1335143565034948 -0.8365283189492787 0
-0.7953874986915683 0.6351824114284107 -0
0.2460014196349888 0.1083293020677425 0
1.69763066834549 0.05421734952194776 0
-0.6620198589010796 0.1617063862820644 -0
-0.6143407936933303 0.1495855400730081 -0
0.7240569905419434 -0.8985329903730332 0
-1.028054404017602 0.5185563590684504 -0
0.523040177021745 1.050452962698906 0
-1.115736610879007 0.6727025852191872 -0
0.2874415728314582 0.08561638891829859 0
0.3279049796850083 0.1127750930569024 0
0.6685324155118169 0.9001818299465663 0
0.3490217360552628 1.32295484138715 0
0.2835289643239142 1.268451409509682 0
0.9388642188898133 -0.09386862337300057 0
0.8979557572873557 -0.1211845090100396 0
0.8538452755975806 -0.09941468485109667 0
0.8570472956849042 -0.1485003946470805 0
0.8129368139951318 -0.1267305704881391 0
0.8161388340824534 -0.1758162802841188 0
0.7720283523926781 -0.1540464561251697 0
0.7688263323053525 -0.1049607463291801 0
0.9420662389771391 -0.142954333168977 0
0.7752303724799861 -0.2031321659211218 0
0.8193408541697587 -0.2249019900800713 0
0.7279178707028953 -0.1322766319661846 0
-1.318270523435494 0.6940637963962428 -0
-1.160089284733067 -0.8988388091201719 0
-0.3226253454172736 -0.1004183331987706 0
-1.089105418468944 -0.52106395613987 0
-1.102401358653601 -0.4737571752357099 0
-1.152749618586306 -0.4697665103597759 0
-1.119917704047862 -0.4257083870427969 0
-1.041632215464841 -0.5329924498711813 0
-0.6237113907058939 0.8113039885197864 -0
0.1712095087052221 -0.76012757986444 0
0.162033231486059 1.007092662898728 0
0.1753707726706391 0.9597453310418025 0
0.1410355510734235 0.92452101562346 0
0.1938881018987285 0.9070698825742851 0
0.1543730922580137 0.8771736837665525 0
0.2223763396329798 0.9552288630744743 0
0.1067003294770282 0.8892967002043345 0
0.1200378706609543 0.8419493683480939 0
0.1652844775935758 0.8300266357995489 0
0.1319258055729395 0.7956542811179866 0
0.1837562306429653 0.7794476877973381 0
0.08546104802689744 0.8069004270258606 0
0.2070249349763005 0.9987702649306514 0
0.1904216292290898 -1.054641838640305 0
0.146369564486726 -1.032918672035549 0
-1.028335186363724 -0.5803002922065207 0
-0.8240422803435252 0.4226926408095568 -0
-0.7763690117920176 0.4105697667276194 -0
0.09832372623774144 -0.2966505849420021 0
0.05197795834208302 -0.2748648301451798 0
0.7067356316173129 -0.9954293262922225 0
-0.4316364988739095 -0.8253722773248261 0
-0.3883849106177842 -0.9217482896220073 0
-0.4204558650284396 -0.8780638371433932 0
-0.6390316691615401 0.5514660302556114 -0
0.8250270948115414 0.3423567033130746 0
0.7809166116366165 0.364126524462594 0
0.7512966539332779 0.7040960213728635 0
0.7136430083308835 0.6776605027701029 0
-0.99662744972123 0.08513362132109339 -0
-0.7820499575069875 0.5878350795715392 -0
-0.7477147359098197 0.623059394989839 -0
-0.7343771947252251 0.5757120631329479 -0
-0.6486828971338069 0.1143589839408992 -0
-0.2063539522705891 -0.04198471727993389 0
1.442573838468624 0.03757916508756544 0
0.1423984745874625 -0.3183668946007144 0
0.42369294015717 1.033152946891736 0
-0.7534232531048719 0.8003560358401459 -0
-0.9650808694059789 0.7662461244579273 -0
1.035449925186641 -0.4287503457170573 0
-1.203404476252695 0.8269863916218642 -0
0.2121179703076681 -0.7328116942274092 0
0.9829747005795972 -0.1156384475319395 0
-1.009329777360735 -0.8049046415649062 0
-1.068728668197665 -0.4386671521364481 0
-0.4580215731710973 0.8557229492508855 -0
0.629297484845091 0.7240993417609125 0
0.3878420975340903 -0.1544608778785064 0
-0.4693382984361784 0.42040231721537 -0
0.6203004751173216 0.8712606068568998 0
-0.02358949917446254 -1.043481051115915 0
0.1850629778966906 -1.397043581446784 0
0.1983511903540792 -1.349502268436998 0
0.229619037384601 -1.385483782904493 0
0.2460239531358554 -1.337379251998358 0
0.7339505861219033 -0.8003435561445428 0
0.6890534374911774 -0.8200691382826161 0
0.3910441176213973 -0.2035465876744812 0
-0.9119590390478201 0.8841740550908246 -0
1.007873061745355 0.1571059870852073 0
0.9669646001428747 0.1297901014481397 0
0.9228541184530595 0.1515599256071224 0
0.9260561385403716 0.1024742158110962 0
1.011075081832663 0.1080202772891804 0
0.919652098365734 0.2006456354031444 0
0.8787436367632573 0.1733297497660974 0
0.8346331550734762 0.1950995739250301 0
0.8378351751607694 0.1460138641290503 0
0.7937246934710258 0.1677836882879551 0
0.8314311349861261 0.2441852837210579 0
0.7873206532398864 0.2659551077653221 0
0.2434203716481969 -0.5582386792024197 0
-0.6310108602996917 -0.9633696829527496 0
-0.6130099386261376 -0.9204044656374655 0
-0.9291760469174302 -0.2973517603475471 0
-0.3124193009691653 -0.4553081549771907 0
-0.02985105114688685 -0.9464684770634662 0
-0.646962618247784 -0.6772751302272833 0
-0.660300159432359 -0.6299277983703698 0
-0.4006678550737608 0.4908509478880413 -0
-0.3873303140343075 0.4435036161726488 -0
-0.3347802481180526 -0.6636048243536039 0
-0.3280013783688119 -0.7128531911815014 0
-0.795658308549491 -0.463639769922805 0
-0.7973534917264462 0.3280018282608226 -0
-0.7610522770944186 0.6704067268467075 -0
-0.9040705654396374 0.706775776162465 -0
-0.9174081066242028 0.7541231080193233 -0
-0.03584285102381036 -0.852998153261342 0
0.07232484105376233 0.8541016137889479 0
0.05132716069563542 0.7715299664605957 0
0.0933627882928016 0.9366440320608824 0
0.158401428356002 -0.5637847406805023 0
1.313444413486632 0.0538029277684073 0
0.2880625154647241 -1.246568612454084 0
0.7624222921305198 -0.006789326737571607 0
0.7656243122179888 -0.05587503653326459 0
0.850643255510236 -0.05032897505514905 0
0.6032188047040512 1.150387757831905 0
0.3252372948530851 -0.503606907928378 0
-0.6830233763913205 0.07913302154479138 -0
-0.6353409576171786 0.06701313635902875 -0
-0.8013357105060073 -0.2863734589339144 0
0.3585201140574559 0.8494719332299554 0
0.2701305121141473 0.6176063782552577 0
0.3185538622732286 0.6259350658625866 0
0.3016994201526648 0.5799441398525219 0
0.3500614362743967 0.5891104713948468 0
0.3674252569801713 0.6327149568408023 0
0.3981390428274144 0.5999317538121877 0
0.3369074548428663 0.536029140090893 0
0.4134889680931112 0.6421237598318318 0
0.442278944785628 0.6088247692708122 0
0.2847376259468035 0.5338798124641045 0
-0.4046333297961366 -0.12351963217848 0
-0.4523060925778504 -0.1113966157399231 0
-0.709758913371435 0.1738031648940635 -0
0.68551529765946 1.14146574632319 0
-0.96733441653543 -0.6397613470143451 0
1.058387583609858 0.03716474333416207 0
1.014277101920039 0.05893456749312299 0
1.051983543435181 0.1353361629262334 0
-0.4937516687491856 0.8219849981895534 -0
0.5175606941840016 -1.501565263279002 0
-0.03631795886429758 0.9256657495160289 -0
-0.3671519510396337 -0.5725336974787545 0
-0.3225958464796542 -0.5835983519031971 0
0.2217240305695981 -0.8800688236153349 0
-0.1813189675037449 0.6548494921622857 -0
0.2533270967179159 0.5715798550132203 0
0.2651889186853905 0.4815969292592162 0
-1.001669638132708 -0.6749856624327617 0
-0.05533334139638705 1.150279268593612 -0
-0.8453542260398343 -0.7588609818449623 0
0.3259550943856075 -1.169037020913098 0
0.2996217306591815 -0.110921476746725 0
0.5918148942522383 0.6475473655880775 0
0.6315686560376946 0.6749767622369053 0
0.6346914852855728 0.6257357699713941 0
-0.6563350193775035 -0.01555732375540922 0
0.3565396961935903 -0.3290338929034424 0
0.4238194937663256 -1.359831360478173 0
-0.3529950923661775 0.478727931521723 -0
-0.6543531718248368 0.2916274731746404 -0
0.09187680605509602 -0.1984149479498177 0
-0.3512831650578277 -0.3129089596058298 0
0.9982670014833853 0.3043631164733208 0
1.039175463085887 0.3316790021103973 0
1.083285944775723 0.3099091779514255 0
0.0766274205075949 -0.618412182887583 0
-0.008613860132610411 -0.626414567896129 0
0.06057440471458769 -0.3729879629747165 0
0.02135322325151605 -0.4001937818545946 0
0.01646392302484661 -0.3512181388157815 0
0.02301598442252123 -0.4494788125531618 0
-0.0242006762045203 -0.4280283696444667 0
-0.05613067343230196 -0.3879246521638225 0
0.05701413026230302 -0.3239210038725336 0
0.01239242672343088 -0.3030330765215534 0
0.1865030007205379 -0.3401277996762838 0
1.48028027998391 0.1139807605202946 0
-0.2976621797453766 0.5965238838718332 -0
1.165102867981135 0.3645409492244386 0
-0.4216655356537607 0.408279300776116 -0
-0.4083279944791905 0.3609319689290203 -0
0.3149784450350562 1.230627421053491 0
-0.3033364177747873 0.7737871107938306 -0
0.2907328734252642 -0.6290942131573635 0
0.2466223917355071 -0.6073243889984185 0
0.9454088149504283 -0.4754951242144315 0
-0.7191034431718704 0.8355916974016701 -0
0.2331020254915518 0.2544489228425051 0
0.1922545436539306 0.2277306441987203 0
0.1894795112134383 0.27451731643732 0
0.5073654622541044 -0.02342751117145728 0
0.5105674823414237 -0.07251322096741165 0
0.3124292145038308 -0.3072640687445039 0
0.401367977415914 -1.016233830047129 0
0.5859803653715503 0.08028996989833564 0
0.5827783452843245 0.129375679694491 0
0.6268888269724265 0.1076058555322014 0
0.5386678635945865 0.1511455038534534 0
0.5795763251902166 0.1784613894766976 0
0.5354658435061362 0.2002312136471204 0
0.5763743051015756 0.2275470992699817 0
0.5322638234184083 0.2493169234422505 0
0.5731722850207714 0.2766328090791406 0
0.5290618033326306 0.2984026332413334 0
0.5699702633519026 0.325718515670527 0
0.525859782981461 0.3474883425026483 0
0.4849513215989198 0.3201724573111568 0
0.5667682429570217 0.3748042248432912 0
0.6076766794606565 0.4021200596245514 0
0.6140807437224269 0.3039486888385431 0
-0.5209765357721388 -0.1818452465764748 0
1.108902105474301 -0.08277650041681045 0
1.153011263865399 -0.104544628753289 0
0.4881533417226199 0.2710867475889354 0
0.4440428600318707 0.2928565717458109 0
0.4408414189214108 0.3419414143283991 0
0.1680074886179148 -0.711041870068452 0
-0.3591347641966745 -0.4428874720379313 0
-0.2790885131125875 -0.4190722011644041 0
0.2298944917663922 0.3035342729659585 0
0.4031343984366109 0.2655406861232945 0
0.6147985461575149 -0.3614814182651633 0
0.8634513358595381 -0.246671814239015 0
0.5499294087796274 -1.326870780520238 0
-0.3473176905149278 0.3014616206355867 -0
-0.4293256748937794 0.2783603216558738 -0
-0.3949904532962906 0.3135846370738097 -0
0.6265240348395886 -1.578577009508531 0
-0.650657282932699 -0.192823529117656 0
-0.6983300457143941 -0.18070051267915 0
0.6236868068641921 0.156691565285786 0
0.4899407235623452 1.720036262928807 0
0.2754405725212657 -1.04909577716221 0
-0.1649787397383103 -0.1897228692725974 0
-0.8969136240055466 0.8368383402932551 -0
-0.2690609497382717 -0.2901647150542222 0
0.2082947904769099 -0.01831456193900856 0
-0.2347951747740807 -0.2558771741757975 0
0.8698553760341999 -0.3448432338309798 0
-0.4256310102087004 -0.2060912794535939 0
-0.3396575512636399 0.4313805997448395 -0
-0.09535669851135782 0.3728182477123907 -0
0.2722385524339637 -1.000010067366232 0
-1.14995711574145 -0.6383591382241246 0
0.3718625744770848 0.0909739374007634 0
-0.2252970825823879 0.1825209240448014 -0
-1.117818911561255 -0.7335003143442358 0
0.4913553618158116 0.222001037804883 0
0.03961451161519573 0.3632513183315865 0
-0.00880754612524828 0.3540486417149603 -0
-0.02239670356852321 0.309311443712682 -0
-0.05366645756097299 0.3430552306944595 -0
-0.04240869985265414 0.3868330446386383 -0
-0.8097079046652019 0.06891835159253681 -0
-0.1228443841189374 0.2880101784650938 -0
-0.9703819302889515 0.1269298908789967 -0
-0.8997998142365482 0.08188217605747891 -0
0.1672896890853222 -0.04561175708388527 0
-0.1291982226380342 -0.2297243558401904 0
-0.2443120257234915 0.4071345668903854 -0
-0.1702254307676608 0.3002386397436859 -0
-0.33767421449617 0.7385653055013357 -0
-0.06515207995685943 -0.04418727939306549 0
-0.09644666181008894 -0.008872189333307934 0
-0.0992654296321534 -0.137087871923347 0
0.4632549805643569 -0.001657687012511321 0
-0.309287804232684 -0.1477656650556025 0
-0.2919847885013208 0.4192575833251709 -0
-0.2406642605423623 -0.07729693217618047 0
0.215625647991097 0.4795682995141096 0
-0.9327280677968456 0.4942863974463846 -0
-0.946065556100818 0.5416339372518091 -0
-0.879427717331275 -0.04762121264697156 0
-0.8267385112715817 -0.05145286184945037 0
-0.3169122383039018 -0.2777441532589028 0
-0.457983494534394 0.06586969524884385 -0
-0.4236482729372465 0.1010940106671166 -0
0.07339342204266611 -0.569328304218397 0
-0.2753807584459697 -0.5975278149038572 0
-0.4369858141218097 0.1484413425239484 -0
0.1169771536086371 0.2025536367201891 0
-0.2882979404041178 -0.06519066744001996 0
-0.3416402885583896 0.1241953096468254 -0
-0.2008146844716051 -0.4080737822295424 0
-0.2317616948539063 -0.5070253527601872 0
-0.4143676242165188 -0.5605883646993746 0
-0.3969731905681221 0.006399346953455693 -0
0.5706880644677539 -0.339711594106214 0
0.003600617929804145 0.1397718939687911 0
0.007471108513566907 0.270257314662766 0
-0.2996449277332209 0.2893386041970236 -0
0.5853039277391746 0.7457394856732406 0
0.3856375744446378 0.510185482349172 0
-0.1069711391294067 0.5480318283630985 -0
-0.7059901849425128 -0.3106194918110436 0
-0.3283027473738263 0.07684797778999454 -0
0.6172827662699216 0.2548629840274529 0
-0.2289916587953542 0.6669724389152327 -0
0.6115965260702032 -0.312395708469185 0
0.2562284519974256 -0.7545815183863633 0
0.4263263953111741 1.163272978504442 0
0.5603711583767715 0.4729649649210382 0
-0.3339801493303678 0.2541142887787562 -0
-0.9423261279044612 0.3654906653564816 -0
0.5226589379264023 0.3965722910061027 0
0.06004339712417138 -0.06399354327010109 0
0.02883984898850533 -0.1565248596447771 0
-0.9230082502371013 -0.1677322973835937 0
-0.9358512434024656 -0.1225966338842878 0
-0.1776991602141282 0.1703768253813825 -0
-0.5286366750001412 -0.3117642257084417 0
-0.7860154320498542 -0.02653550067049516 0
0.447962679660427 -0.4216592510173004 0
0.3476514354642556 -0.8472068765002404 0
0.4977594019921561 0.1238296182164307 0
-0.4750157001217714 0.5976686279400573 -0
0.001360086462788806 -0.2531667887011074 0
0.151997388181389 -0.4656133210885535 0
0.005359358244259795 0.3993071320646915 0
0.02217521605377771 0.5590068853590496 0
0.7407259510521821 -0.3286194711500423 0
0.2178074485930968 -0.1655543424847666 0
0.6364948872360223 -0.03965127385237169 0
1.181112968417308 0.1191124002453015 0
0.9949079668080733 -0.3109768782372974 0
0.1851362172860304 0.3871312612026429 0
-1.039492834938112 0.8728116564968582 -0
-1.087097799336189 0.8852012844903548 -0
0.809734793907786 -0.07764486069218025 0
0.331063962275591 0.06369155936282529 0
-0.5493635455550643 0.7044863083676077 -0
-0.4809639122184141 -0.3238872421469958 0
-0.1644048627523226 0.1230470696460039 -0
-0.4560007572583439 0.3730549853650906 -0
-0.4196827954464551 0.7154645880350833 -0
0.3246287838062145 0.1618346059364527 0
0.4728610408262995 -0.1489148164004089 0
1.112103905011821 -0.1318619275757133 0
-0.4999788553595623 -0.09927359930136548 0
0.183301179151783 -0.2910423871831005 0
-0.2196316494307277 0.005272613309519452 -0
0.422346518961926 -0.02897357264952719 0
0.7215138305282098 -0.03410521237431851 0
-0.7000419731280962 0.6109363785513061 -0
0.6019904658082538 -0.1651385790812671 0
-0.1986569190664769 0.08787970853410616 -0
0.427785766867082 1.645711306592365 0
1.234829510369039 -0.04991455330163702 0
-0.3299058433684335 0.8674434745227297 -0
-0.3759755101555363 0.08897099422855605 -0
0.523375562690684 -0.268856060151294 0
0.2779247930760169 -0.4327513739734586 0
0.7062215296243669 -0.4541067763790362 0
0.4550845466102072 -1.185260781816881 0
0.4959930127531095 -1.157944895883687 0
0.3092271944165133 -0.2581783589485423 0
-0.1844866624518486 0.04003510755242115 -0
-0.4886240514464238 -0.4538062212789606 0
0.3686838653673113 0.1400625917266649 0
0.08625732408133763 -0.7656686379673883 0
0.3220352747657738 -0.4545211981324069 0
0.5649950952911199 -0.9069709210427211 0
-0.4656436337624168 -0.06404928388308889 0
-0.4866413141749937 -0.1466209311581985 0
0.5947933620158345 0.598450002782051 0
-0.7023483929072027 -0.7950195548250709 0
-0.215654183953025 0.6196251717261017 -0
-0.5763094377818702 -0.2996412092698832 0
-0.7613230869522971 -0.4284154545045021 0
0.624404606419462 -0.5087385476531088 0
0.2345556362946485 -1.076410128162649 0
-0.5990190495388776 0.4094240327608242 -0
0.6461009474980092 -0.1869084032402093 0
0.1166033025574287 -1.329569921966572 0
0.7336031530656025 0.4349801197408605 0
-0.3510221673104242 0.7857700958172229 -0
0.3372475365680097 0.6762306529230645 0
0.2587171457247974 -0.1382389688398483 0
0.6830072849770225 0.5547565380382922 0
0.1551994082686982 -0.5146990308845109 0
-0.5436861435809873 0.5272199973617486 -0
-0.6790442927155778 0.6935080258264553 -0
0.4511646997477409 -0.4707449608132743 0
0.7183118104402957 0.01498049742044386 0
0.5290286578538198 0.9618996536048323 0
-0.05163823602044244 0.6658277899849737 -0
0.3133804751754201 1.1013949820166 0
-0.173658329296154 0.7847679849093052 -0
-1.102338274500261 0.6253723791088841 -0
-1.054735079463904 0.6132297657335186 -0
0.4433692844821273 1.209415595505142 0
-0.6316423397916192 -0.4174371719633245 0
-1.040296427674185 -0.2567669395783186 0
0.7816344126546222 -0.3013035855130181 0
-0.7839278510103665 0.2806791582780956 -0
-0.47898117494698 -0.01670195202625904 0
-0.410310731752684 0.05374667881028559 -0
0.8154163157594609 0.489604271387473 0
0.4166602783199244 -0.5962322660422583 0
0.3533376761062705 -0.2799481831074802 0
0.1303073718920108 -0.7874429883646399 0
-0.4063452524087347 0.6681172543718781 -0
-0.213259130103138 -0.8026167067746268 0
-1.073774009883873 0.8377998750799973 -0
-1.12909305714718 0.7200445915947575 -0
0.4938484060213907 0.8383457694649029 0
0.4598361642243472 0.7123446169985966 0
0.4582874481025717 -1.234346434115938 0
-0.444645953349832 0.01852236339201359 -0
0.4748112752177459 1.171586712504075 0
0.986176720666919 -0.1647241573279179 0
0.2043819285568191 -1.301180902817647 0
0.289433476772219 -1.303278639223993 0
-0.438968551393276 -0.1587439475967576 0
-1.053477989519351 0.9182277897024207 -0
0.4326702956477415 -0.8416608235967049 0
0.4664570006516726 -0.05074339680846852 0
0.9950649813960314 0.3534488262692905 0
0.3290967512093375 -1.218625976413906 0
-0.3319974085613178 0.5612995754901663 -0
-0.8146732516905812 -0.2390261270770792 0
-0.6126273966505711 -0.6420508148089636 0
-0.6259649378351133 -0.5947034829520921 0
1.310242393399323 0.1028886375643749 0
0.0926317616310411 -0.8638422406875028 0
1.439371818381343 0.08666487488348637 0
0.1367144049533225 -0.8856141778877771 0
0.3508534555515563 -0.8962925862962159 0
-0.3186598702041754 0.5139522463893864 -0
-0.8697353438424218 0.7420000915807118 -0
-0.8930089250952746 -0.7466669312915721 0
-1.081419664195958 0.7079217526722165 -0
0.6783863718190571 0.6031750144142507 0
0.3821558568920958 -0.721719571271247 0
-1.248815450618528 0.660277096141485 -0
1.363958935351032 -0.06613831598249324 0
-1.261186311791234 -0.6943228023897876 0
-0.6943645751033914 0.4336700656389703 -0
0.7528162318553232 0.1404678026236874 0
0.5265775827779966 -0.3179417699472646 0
1.184314988504619 0.0700266904492991 0
-0.8983930489085261 0.5295099157286576 -0
0.3942461377087136 -0.2526322974704496 0
-1.030470312754653 -0.8873444949732955 0
0.6102753126738669 -1.680405058032394 0
-1.218940710746525 -0.5220345372624473 0
0.2850466327831486 -1.196352906550093 0
1.174708928242668 0.2172838198370951 0
-0.5439569534561869 -0.5716021839723738 0
0.2870370587322607 1.056158731811423 0
-0.356960567014413 -0.1356426486170424 0
-1.47985152121441 0.9970254417529097 -0
0.2964198099893203 -0.06183580814843095 0
0.2843288332506408 -0.5309227935654005 0
0.7317762726101396 -0.5268548800917374 0
-0.8566670587468619 -0.4041709361776878 0
0.338073598202281 -1.366531495604857 0
-0.5360260043424211 0.6571389764834216 -0
-0.1259859878893405 0.7726453792097592 -0
0.5048852023063169 -0.6397880845839772 0
0.1564607292392605 1.288612065575665 0
-0.1889791236709633 0.5249305295420131 -0
0.4045699975032173 -1.065319539843104 0
0.8602493157722211 -0.1975861044430495 0
-0.7670004889088273 -0.2511491435156342 0
0.4696590207389875 -0.09982910660443495 0
0.4735787433987509 -0.8143449393888097 0
-1.15231574361482 -0.7685670985013873 0
0.6044755940109315 0.4512035343551327 0
0.9541565197935525 0.3261329406322315 0
0.9011577773746787 -0.1702702188060149 0
-0.7897089997771638 0.4579164094283757 -0
0.4856691211755513 -0.3452576555842937 0
-0.1719469178441307 -0.006868403382503808 0
-0.2023166603951844 0.5722778570510816 -0
-0.4696276956859063 -0.6784017459064514 0
-0.8022475620336547 -0.9028385603412143 0
-1.311070373189861 -1.07940578412481 0
-0.5727385331730528 -0.7842591503401463 0
0.945268259064463 -0.1920400429649558 0
0.1431191123062842 -0.9837940620550645 0
-0.6869752418013771 -0.5352331346567764 0
0.09899864576222045 -0.9620164805262462 0
0.5778099041750292 -1.103313126682983 0
-0.9253120703593287 -0.4746443566797861 0
0.01901494314066951 1.043461712214408 0
0.6806053689257954 -0.06142109801127973 0
-0.7326652673116282 -0.2159248280973667 0
-0.1413063608465805 0.5128075130618415 -0
-0.08966812360740826 -1.115055076948109 0
0.6335111616054433 -0.7068217479051628 0
1.086487964863 0.2608234681553567 0
0.8257448943443939 -0.323073409671975 0
1.200268187097945 -0.1753289381653418 0
-1.406354567416058 -1.100311449862779 0
1.017479122007407 0.009848857697088513 0
1.408069417040803 -0.08790814014144389 0
-0.9117306238779076 0.576857114729545 -0
-0.01730301494860027 0.7010521059152959 -0
0.4491801420824453 0.8599731457965922 0
0.8714518639336251 -0.3923080354325111 0
1.367144659561601 -0.1151996209593582 0
-0.1281770289575995 0.4656631351082371 -0
-0.1453085157397941 -0.9973326201430186 0
0.8287405230569581 -0.3724986852632089 0
0.477449421264196 1.301704052891716 0
0.48887114126286 -0.3943433653802709 0
-0.08142017214858399 0.4542169160825501 -0
-1.195181225315114 0.9591526871179831 -0
-1.163895273249201 -0.7230777149095099 0
-1.135912274073368 -0.3457206656529 0
0.4918520038346329 1.2177305713744 0
0.9733686403176114 0.03161868185603293 0
-0.05731563915199711 0.8430941021191187 -0
0.4920731613501793 -0.4434290751762444 0
-0.5916297162379076 -0.5594791675338155 0
0.7969267135556928 0.1186979784863269 0
0.4198622984072303 -0.6453179758382436 0
0.4639734401981342 -0.6670904950345032 0
1.533848506003548 -0.05482407404808239 0
0.7247158506155649 -0.08319092217022722 0
1.411271437128106 -0.1369938499374241 0
-0.7133795143126962 0.658283710408156 -0
1.1939195049181 -0.07722846047916421 0
-0.5226884630956992 0.6097916445659995 -0
0.3924797166863568 -1.534406813643873 0
0.1054709465454674 -1.060242325765252 0
0.5110994234343096 1.394151476920824 0
0.5401035234299643 -1.179714718151726 0
-1.307584690166731 -0.8571779387567023 0
0.1092701538475501 -1.110329087583041 0
-0.8586618116453082 -0.711395852142525 0
0.6870094091004498 -0.1595925176031964 0
1.076881904601307 0.4080805975425217 0
-0.4676263710338396 -0.3712345740038394 0
-0.8433292586008174 -0.4515185204596126 0
-1.266442332559915 -0.8254729106137229 0
0.7343219108775322 -0.230448051558121 0
-0.763033377343924 0.3632218903870703 -0
0.5417795374802528 1.48822160893737 0
0.5088917647281632 1.263874980486164 0
0.4270054556345216 -1.408888955136582 0
-0.5039660151798327 -0.7136230416217343 0
-0.2003256308867533 0.8794550642383087 -0
0.525982244428143 1.310016239331953 0
-1.06534782658884 0.2156880721524545 -0
-1.302186233219873 1.03089241772846 -0
0.0304720980649035 0.6887964588988417 0
0.8819456568506001 0.1242440399699973 0
0.5361836430399389 -0.4651988993351891 0
0.4454784591056675 -1.03800365420608 0
0.3917619033025392 -0.8689767020882779 0
-0.5019615926309822 -0.4064588894221314 0
0.4230644285113998 -0.6944041348071019 0
0.539385663127263 -0.5142846091311664 0
-0.3537912919353088 -0.8298249037620345 0
0.8851476769379922 0.07515833017389695 0
1.266131911709556 0.1246584617233198 0
-0.8109906097403532 -0.7235250066003494 0
0.9701666202302272 0.08070439165209302 0
0.5429713015927571 1.35616378973646 0
-0.6183047986070626 -0.4647845038201784 0
0.5853157606538267 -0.5360978758234808 0
0.3149330788842194 0.3090607301085631 0
0.4785599143313195 0.418324952845942 0
0.3999325141042328 0.3146261925814968 0
0.3967323309869851 0.363709150989074 0
-0.4906067887178208 -0.7609915113997923 0
0.4817522782478945 0.3692537076785365 0
-0.5362968142281372 -0.4416832048404102 0
1.4144734572154 -0.1860795597334005 0
-0.8776593550120388 -0.4867478316994858 0
0.5797666344981579 -1.15248007077007 0
0.5635675902370456 0.4238877820043428 0
0.731119890790214 -0.1813623417621601 0
0.4422764390183179 -0.9889179444101264 0
0.7784323925672914 -0.2522178757170813 0
-0.5839695770098787 -0.4295601884018702 0
1.535487167907944 -0.1015684876823434 0
-0.9594033922904789 0.5889801090254592 -0
0.9886609412216082 0.451620245860581 0
-0.6200170094386076 0.3268522487769078 -0
-0.8643270109571957 -0.5340900976069688 0
0.8225428742570779 -0.273987699876024 0
-0.5590065495229513 0.2673819767637036 -0
-0.139323366098654 0.8199925522049396 -0
-0.5456689743529091 0.2200346615307959 -0
0.06599163309701452 0.7242863131022783 0
0.3828355146071517 -1.387262897660367 0
-0.6049672574224519 -0.512131835676979 0
-0.580004609510715 0.184810174239984 -0
0.5626844485344414 1.408967425124716 0
0.4671749285373141 -0.7161740338282192 0
-0.993735046438284 0.5537612336805738 -0
-0.6220004709364338 0.01966677161702758 -0
1.222021430019791 0.1464282858822877 0
-0.8986635709010444 -0.5693131084596508 0
-0.601004078586528 0.1022379768648368 -0
-0.6429971704256999 -0.06290455840470995 0
0.5112852818740999 -0.7379433339521468 0
-0.5856815562464073 0.3620766774783433 -0
0.09904019024806855 0.7593777210730732 0
-1.041390580204462 0.5658905728514029 -0
0.514485581052435 -0.7870312866055507 0
-1.088992794861489 0.5780304270436789 -0
-0.652369210346358 0.5988133621127986 -0
-0.4777666453135068 -0.8092420323031582 0
1.218819409932575 0.1955139956781021 0
-1.123042903214911 0.542889143817437 -0
0.005676962569518954 1.09080892029799 0
0.0402743678885009 1.126048319362754 0
-0.8089161543384021 -0.1067263306448465 0
-0.1240033452039303 1.079830761530441 -0
-0.6393024790196239 -0.5473561510952811 0
0.4358723988436534 -0.8907465248181329 0
0.4390743219708272 -0.939832244617775 0
0.749614211659221 0.1895535121993143 0
-0.1526595833938659 0.8673385935885422 -0
0.7905226732974079 0.2168693979089932 0
-0.9806706991415014 -0.5924152419679537 0
-0.5666672733457008 0.1374628063748178 -0
-0.6736377006168111 -0.5825804665135754 0
0.7368059260174445 0.3858959354151775 0
0.7841186314669759 0.3150408141459539 0
0.7432101681041416 0.2877249249417702 0
-0.7899809065930712 -0.6409060809116934 0
1.127396426465463 0.2881393537920164 0
-0.7766453691975861 -0.6882612925041074 0
-0.7079729222140292 -0.6178047819319145 0
-0.5876654511102537 0.05489101501443203 -0
-0.7556456849958512 -0.6056817654933753 0
-0.1659959833800274 0.9146848130518082 -0
-0.7633100246568936 -0.7356172624820555 0
-0.6296596061308575 -0.1102518829785904 0
-0.7499813380719612 -0.7829561717503291 0
0.4831846882318142 -0.9616020806858281 0
-0.6086621502497936 -0.02768030785378834 0
-1.157754657804565 0.5075529000914174 -0
0.527295247643645 -0.9833718968260007 0
-0.7366228638968362 -0.8299545238203241 0
0.7777136711304404 0.4132103692861727 0
-0.6639948301736899 -0.1454761991640765 0
-0.7235925462219225 -0.8757368665166259 0
-0.7599160837604673 -0.1204894743714277 0
0.5681804096548055 -0.9560575630420441 0
-0.7117635973997688 -0.1332297497113922 0
0.8186213868136339 0.4405247435258343 0
0.6087747814238127 -0.928383618684781 0
0.6496143619394333 -0.9484599856026907 0
0.8595304518037691 0.4678418517596573 0
-0.1793345377740282 0.96203313254391 -0
-0.1450007407104538 0.9972588365393583 -0
0.9036418205232121 0.4460738249191388 0
-0.1583385193169539 1.044606399825933 -0
-0.07633058242271722 1.067707745091295 -0
0.9445504299641782 0.4733900101089499 0
1.473876239810559 0.2121521801119336 0
1.429765758120838 0.2339220042708113 0
1.524390761673415 0.09221093636110755 0
-0.04199594667450668 1.102931895478733 -0
1.565299223276744 0.1195268219980395 0
0.9918629613087513 0.4025345360648452 0
1.388857296517336 0.2066061186338577 0
1.035973442998496 0.3807647119058611 0
1.080083924688459 0.3589948877469059 0
1.612604562700982 0.0486820144324837 0
1.124194406378176 0.3372250635878123 0
1.30063633313797 0.2501457669518062 0
1.256525851448358 0.2719155911106191 0
1.215617389845489 0.2445997054736551 0
1.694799603127169 0.1021846504995596 0
0.0876853863355785 1.113910343050683 0
1.341544794740763 0.2774616525884968 0
1.653573656389683 0.07581328633133128 0
1.171506908155521 0.2663695296328283 0
0.6306716527091201 -1.210976709266453 0
0.3069697478641686 0.4560134091574508 0
0.1954397529645368 0.1739226953252025 0
-0.7750403632611689 0.9870490714709224 -0
-0.09354615139758538 -0.6302471192632482 0
0.6038369585905062 1.020552880766084 0
0.6438317377779919 -0.8019978039664637 0
-0.4883070797067415 -0.9373071850203117 0
0.1218909377909465 1.148624741328253 0
-1.11614795313797 1.044677767255786 -0
-1.361427652120097 1.088422745033587 -0
0.1148480197996939 0.07026245154093169 0
0.3347599876133774 -1.318420671357365 0
0.6711301277570996 0.7005641987737478 0
-0.003583154298753521 -0.6735484063697769 0
0.4053051924275117 0.98750631062967 0
-1.081298879662001 -0.3934437528777563 0
0.5673849451938741 -1.621586354091822 0
-0.8726500936288862 0.1236113119082136 -0
-1.037173407547 0.3896965806419248 -0
-1.550136623236267 1.125499627875677 -0
1.915692900206574 0.0004290944637550148 0
0.5925347890751256 -1.821695772290775 0
0.59139519499592 1.822066048852884 0
-1.549432315361934 -1.126469024500401 0
-0.2641413921298099 -0.4704319268584992 0
-0.2607765560738914 -0.940586401047949 0
0.7630243436348595 0.6081915354343579 0
-0.3434965500094622 0.9135023219715219 -0
-0.9755171525224577 -0.04245668014396822 0
-1.364807151259641 0.7807494756351251 -0
0.468312069623802 0.5694955427538937 0
0.6483821643620598 -1.11170009910204 0
-1.3424502739885 -0.7371123204373675 0
-0.1124597869978697 -0.05357787507478645 0
1.659501533492628 -0.07205187975859612 0
0.6441353429037719 -1.432292088875917 0
0.6328542797998759 -0.611475142455009 0
-1.145005433859139 0.4622259533129672 -0
-0.9072699506143193 -0.08696198687363217 0
0.05180957874814726 -0.2276789955537064 0
-0.06453230531821684 -1.016562034533638 0
-1.001683423173616 -0.3689312309048617 0
1.379666269260895 -0.2590099274044578 0
0.2005946819503221 1.170987750163465 0
-1.265900872789165 1.069827456087406 -0
-1.385821532582231 0.8238730653952657 -0
1.037420581593612 -0.3799627349200699 0
0.1267888303979396 -0.02615042551260398 0
0.8069092271808739 -0.5406449065320558 0
-1.31695998559888 -0.6939984126401268 0
0.2118882042285594 0.8251811767129269 0
0.09333792923106563 1.244770909390443 0
0.4197016998121883 0.6884369223069581 0
0.5903433501800611 1.497631683397509 0
-1.435626910864727 0.9962661915191895 -0
0.1509322795248785 0.2987647378116622 0
-1.290070365617831 -1.036781421456907 0
-0.2453609297647127 -0.8946805799274948 0
-0.3768473967642283 0.8781507085079236 -0
0.7177054614683019 0.6297738548427985 0
0.5724722623943501 1.577507048603644 0
-0.9231137498244362 0.318127940572373 -0
1.828641244408468 -0.04180521525234233 0
-0.8814868201514332 0.9197719618076434 -0
0.4381615074045865 -1.598879229988996 0
0.6078479117791447 1.405729215087754 0
1.471325054863289 -0.215972852549814 0
-0.522544341870971 0.9139330374731396 -0
0.7077209419822085 0.7793891669039559 0
0.241297369134667 1.031190906240381 0
0.2655142749822972 0.9616631882205846 0
-1.183968745450908 -0.4312321627008266 0
0.654705270156432 -1.051369043297055 0
-0.3627029408354013 -0.7465069165383026 0
1.036229130313443 -0.3315583732200096 0
0.3877431053849115 0.5574653228353049 0
-1.227043371755355 0.6137899860636875 -0
0.1588223855289734 -1.181049442317938 0
0.6746868374455751 -0.6406100957886807 0
-0.9034807193724688 0.9703281389405757 -0
0.2626447606977125 -1.416641619103844 0
0.09094051891289515 -0.09571569154624368 0
1.0790775788816 -0.3050893166887894 0
0.160071751583282 0.6820676118779233 0
0.3595852363307466 1.577996509023343 0
0.6745208517831016 0.6519810171681998 0
-1.210013099297558 -1.063463196081546 0
-1.393748741413366 1.05414950565721 -0
-0.1986535078226719 -0.8842742178323832 0
-0.4236945261794881 0.8888913821279842 -0
0.6874143433786608 -0.8714237860269907 0
1.652935424884564 -0.1274305538610796 0
-0.155216123998648 -0.7408659321148976 0
-0.04349014212463752 0.1384079245527679 -0
-0.0754064750031469 -0.8832684534339394 0
-0.0169276233500752 -1.136204908935225 0
-0.8536799292419543 0.07728138871596549 -0
0.6455095425025974 1.160145914307519 0
0.2956521942138619 -1.349422398639859 0
-0.6606976959842756 -0.9298932266234735 0
0.2461887140234669 0.9139474463848285 0
-0.09404340524590596 0.3217034449236711 -0
1.33233868764284 -0.2369185741585211 0
0.2292643506739265 0.404772285850265 0
-1.047053216609716 -0.1764994597993505 0
-0.03628466094759981 -0.7442173714261797 0
-0.973582653170203 -0.2893680622583085 0
-1.436154792704827 -0.9949829321764189 0
0.5235435241384199 1.007056286730937 0
0.5694864313261216 1.653642669665131 0
-1.317442356923722 0.7740331935508823 -0
0.2693596100545669 1.098715483249723 0
-0.9778530600152516 0.3317928519335823 -0
-0.9532544725859574 -0.08308007852577273 0
0.1607402627033954 -1.318418509875969 0
0.113853341823003 0.5449058011933653 0
0.9969286407479829 -0.4050871701281266 0
0.6703145365087182 -1.292469387023967 0
0.3515814606248186 -1.506128309454942 0
-0.950548471775456 0.9792164409040008 -0
0.6654969394598684 1.335173229078074 0
1.786880503418911 0.06758096343897746 0
0.210628935403319 1.428086163290122 0
-0.0288403796495968 -0.2928870850999598 0
0.7101765412730324 0.7279095483088827 0
-0.1838760565468269 -0.8377213832560041 0
-0.4726832634680098 0.9008013183702837 -0
0.5962877098528513 -1.501092570174309 0
-1.397818500145529 -1.058273214300085 0
-1.353826677362644 -0.8554780326215209 0
-0.8818950438043546 -0.9254814155494626 0
-0.09596519196730828 -0.4782217396110345 0
-1.159866550674269 0.3848039905989946 -0
0.3283969264517218 1.48787718950124 0
-0.5735491692754049 -0.9093370105700169 0
0.5694512505921747 -1.663494008162494 0
0.4697321281281241 1.63768707198979 0
-1.073529038316478 -1.046030122115702 0
0.1437474983404952 1.366793578417665 0
-1.203912896475883 -0.5698476117911828 0
0.9045609992125776 -0.4518341844229916 0
0.1410909642077057 0.755335154257047 0
-0.2967158665957328 -0.6864532483784057 0
-0.03716370695718423 0.2662160769462917 -0
0.1207902193013256 -1.256924463314376 0
-0.139790136884226 -0.1493258911190603 0
0.3079053265667038 0.498509616362524 0
0.7022715613887733 -0.4984158754753182 0
1.572653960538412 -0.1223705661104429 0
0.2975482195881887 0.7030039672118287 0
-1.023127582953987 0.9523839264824249 -0
-0.9780801110408082 -0.9440838885866193 0
0.601027224308639 -1.774416526214894 0
1.870904621251658 0.02105677453207983 0
0.5577646752880551 1.785368309472524 0
-1.501839257214272 -1.119935968643547 0
-1.52921625411048 1.082254765078832 -0
-0.2931060055614464 -0.5511449919231718 0
-0.9520085373312682 0.2471968865916902 -0
1.293770943185745 -0.3052043088733154 0
-0.1690577158536724 -0.7886591160332849 0
0.6809532556992076 1.240216119522646 0
0.7404623132193603 0.8057410986581793 0
-0.5374894387003937 0.953211833358385 -0
-1.174357488741589 -0.6805325162421285 0
0.1582950795898621 0.2041400607084136 0
-0.3933408154397402 -0.8398853259790068 0
-1.31981787006481 -0.7784110988616217 0
0.2561780060574967 1.477105341138025 0
-0.01432085774142326 -0.3778736239099567 0
0.4467811778735968 0.9995044372752825 0
0.6578929309606985 1.071675770055896 0
0.6712455585997392 -0.6862418301990831 0
-0.07445404790395574 0.41329617105422 -0
0.01697179701316003 0.439171287578608 0
0.9510916539331774 -0.4304553712851378 0
-0.1730542214100798 -0.3701354439632157 0
0.1440630797758999 0.6307442706454772 0
-1.208388816749771 0.5660117497597088 -0
-0.1426575844736012 -0.2762407218796434 0
0.3781518193528328 0.8061268369678296 0
-0.1343064338275056 -0.0208981168461095 0
-0.4608098240810795 -0.8976217769850181 0
-0.7549126519802154 -0.9021875128368704 0
0.7328311352594072 0.8541859121085449 0
-0.5859217583063551 0.9609220742142304 -0
0.6852497201656742 -0.9208272614150721 0
0.3195431622795769 0.7674295583555747 0
-0.05964882561299087 -0.9732443050874204 0
-0.134982168715105 -0.5677286822112204 0
1.838267014011914 -0.002594865548281318 0
0.1608662171801617 0.09215462574052039 0
-0.835678899866745 0.03289392545303042 -0
0.6114252017273861 -1.128897609399407 0
-0.1816206617501081 -0.7052200927817044 0
0.3855563263660582 0.6694769980728393 0
0.05381730903844463 -0.1888121101736297 0
0.4991842194238252 -1.674911947067331 0
-1.410919492591597 0.9651833309630473 -0
-1.298912904028094 0.7281100018476777 -0
-1.041547618567407 0.9998687093664055 -0
-0.2384790393569408 -0.426518872397423 0
-0.8376071427935848 -0.9245106289911983 0
0.5674011390495071 -1.742281746456742 0
0.569413452333203 1.746443087781382 0
-1.479660158594111 -1.077998642317416 0
-1.4841822290866 1.077561680665191 -0
-1.176266132842542 -0.5035951780545661 0
0.1180173499241487 1.277586493105917 0
-0.1613805570616315 -0.6551797611062035 0
0.08553697676368438 0.4501286623622187 0
-1.442207626412667 0.9066185916940327 -0
0.6677558011716278 -1.338634675572848 0
1.533484921474068 -0.1472217711728947 0
0.3622324444501992 0.8979189502287104 0
-1.117937716218316 -0.3813312696010109 0
-0.9750686596675919 -0.1170256877323092 0
0.1898678666724315 0.861576670871927 0
0.594411384719188 -1.549028458316301 0
-1.064726834134751 1.048404740488293 -0
0.1527105977478599 1.17129624242673 0
0.4020693360941239 -1.572024722784924 0
1.24722686015169 -0.2872644317223817 0
0.6424154109447773 1.038772598552764 0
-0.01895391323974665 0.04284264732628387 -0
0.8240798747069993 -0.4702754297414437 0
-1.027760459789015 -0.2211376090993406 0
-1.114356361902571 0.378824781932415 -0
-0.08680579540498343 0.02936116456797155 -0
0.5243821665313144 1.691290144543739 0
0.6967854715867112 0.8668456762247048 0
-0.6100597834028203 0.9305362418876628 -0
0.8711678725356113 -0.4304825725249186 0
1.727561546705769 0.03152254383821562 0
0.1936765539395703 0.313484168170291 0
0.03894333013182777 -1.265239114260167 0
-0.05226662395488222 -1.112944067597086 0
-0.3183358683915224 -0.7512294470701728 0
0.6676716160493152 -0.7269990218769631 0
0.5947641697485743 1.545637247669648 0
-0.3161294310864987 -0.6219469202263342 0
0.6603355828600387 -0.5182586874759929 0
0.09141883068136111 0.5792199797812154 0
-0.03099283740435508 -0.6998706939648132 0
0.0839655999965285 0.031518461488489 0
-1.005259230740632 -1.03479330145188 0
-1.301905979224324 -0.8106654177915662 0
-0.05374427476967895 -0.4659609757874596 0
-1.162093893927849 -1.069521806693193 0
-0.07214905034635086 -0.8389155936955925 0
-0.8879829305878624 0.225263218232112 -0
-1.247929207522073 -1.037374114415328 0
-0.1678840439718346 -0.2371991490383411 0
0.1289788649882026 -1.293039426686835 0
-1.436620675060394 -1.075566134844162 0
-1.462401708821177 1.034008372955815 -0
-0.6390940735197168 -0.8912464561551889 0
0.4274877435335376 0.5745459515480043 0
0.09670135370912063 -0.05214255070536344 0
-0.1242454084299194 -0.6516947828626328 0
1.534004115409653 -0.1914272225196023 0
-0.5312417217541532 -0.9601192253970023 0
0.481090572366766 0.6152860737198425 0
0.2776727956204473 -1.512801411741579 0
0.7673856101414543 -0.5214252219144031 0
-1.189716239247926 0.5241016892173652 -0
0.4055674484140909 1.575314266649186 0
-1.186752573113628 -0.6118175170132528 0
0.5615876464419081 1.454162700098483 0
0.577343656160365 -1.700375879980422 0
-0.9998900458613454 -0.3299155078417546 0
0.6841987467633055 -0.9660581456803778 0
-0.0641091019449527 0.1768224295780378 -0
0.7151580009503161 1.04627291444455 0
0.2137218229539546 0.1302943896597727 0
0.6291468444688683 -1.356840602797341 0
-1.21894423655428 -0.6746851250149875 0
0.2444563074450353 0.9933750987661061 0
-0.8172914645580022 -0.009793595337047498 0
0.6080342981471677 -1.17528337334501 0
-0.05929591592183373 0.3057271891316015 -0
0.2344115460224422 0.447590370453198 0
-0.267789453815816 -0.5205687787912564 0
-1.419341687640267 1.028817082257921 -0
-1.050011652782189 -0.3718433594869623 0
-1.283560508170355 0.6857123291090816 -0
0.5592376906061206 1.024606952487529 0
0.5917989213919737 -1.594553182998327 0
0.5847260935772447 1.612230140092638 0
0.2665777119324632 -1.376522623193017 0
$EndNodes
$Elements
22 6031 1 6031
0 1 15 1
1 1 
0 2 15 1
2 2 
0 3 15 1
3 3 
0 4 15 1
4 4 
0 5 15 1
5 5 
0 6 15 1
6 6 
0 7 15 1
7 7 
0 8 15 1
8 8 
0 9 15 1
9 9 
0 10 15 1
10 10 
0 11 15 1
11 11 
1 1 1 27
12 2 12 
13 12 13 
14 13 14 
15 14 15 
16 15 16 
17 16 17 
18 17 18 
19 18 19 
20 19 20 
21 20 21 
22 21 22 
23 22 23 
24 23 24 
25 24 25 
26 25 26 
27 26 27 
28 27 28 
29 28 29 
30 29 30 
31 30 31 
32 31 32 
33 32 33 
34 33 34 
35 34 35 
36 35 36 
37 36 37 
38 37 3 
1 2 1 27
39 3 38 
40 38 39 
41 39 40 
42 40 41 
43 41 42 
44 42 43 
45 43 44 
46 44 45 
47 45 46 
48 46 47 
49 47 48 
50 48 49 
51 49 50 
52 50 51 
53 51 52 
54 52 53 
55 53 54 
56 54 55 
57 55 56 
58 56 57 
59 57 58 
60 58 59 
61 59 60 
62 60 61 
63 61 62 
64 62 63 
65 63 4 
1 3 1 27
66 4 64 
67 64 65 
68 65 66 
69 66 67 
70 67 68 
71 68 69 
72 69 70 
73 70 71 
74 71 72 
75 72 73 
76 73 74 
77 74 75 
78 75 76 
79 76 77 
80 77 78 
81 78 79 
82 79 80 
83 80 81 
84 81 82 
85 82 83 
86 83 84 
87 84 85 
88 85 86 
89 86 87 
90 87 88 
91 88 89 
92 89 5 
1 4 1 27
93 5 90 
94 90 91 
95 91 92 
96 92 93 
97 93 94 
98 94 95 
99 95 96 
100 96 97 
101 97 98 
102 98 99 
103 99 100 
104 100 101 
105 101 102 
106 102 103 
107 103 104 
108 104 105 
109 105 106 
110 106 107 
111 107 108 
112 108 109 
113 109 110 
114 110 111 
115 111 112 
116 112 113 
117 113 114 
118 114 115 
119 115 6 
1 5 1 27
120 6 116 
121 116 117 
122 117 118 
123 118 119 
124 119 120 
125 120 121 
126 121 122 
127 122 123 
128 123 124 
129 124 125 
130 125 126 
131 126 127 
132 127 128 
133 128 129 
134 129 130 
135 130 131 
136 131 132 
137 132 133 
138 133 134 
139 134 135 
140 135 136 
141 136 137 
142 137 138 
143 138 139 
144 139 140 
145 140 141 
146 141 7 
1 6 1 27
147 7 142 
148 142 143 
149 143 144 
150 144 145 
151 145 146 
152 146 147 
153 147 148 
154 148 149 
155 149 150 
156 150 151 
157 151 152 
158 152 153 
159 153 154 
160 154 155 
161 155 156 
162 156 157 
163 157 158 
164 158 159 
165 159 160 
166 160 161 
167 161 162 
168 162 163 
169 163 164 
170 164 165 
171 165 166 
172 166 167 
173 167 8 
1 7 1 27
174 8 168 
175 168 169 
176 169 170 
177 170 171 
178 171 172 
179 172 173 
180 173 174 
181 174 175 
182 175 176 
183 176 177 
184 177 178 
185 178 179 
186 179 180 
187 180 181 
188 181 182 
189 182 183 
190 183 184 
191 184 185 
192 185 186 
193 186 187 
194 187 188 
195 188 189 
196 189 190 
197 190 191 
198 191 192 
199 192 193 
200 193 9 
1 8 1 27
201 9 194 
202 194 195 
203 195 196 
204 196 197 
205 197 198 
206 198 199 
207 199 200 
208 200 201 
209 201 202 
210 202 203 
211 203 204 
212 204 205 
213 205 206 
214 206 207 
215 207 208 
216 208 209 
217 209 210 
218 210 211 
219 211 212 
220 212 213 
221 213 214 
222 214 215 
223 215 216 
224 216 217 
225 217 218 
226 218 219 
227 219 10 
1 9 1 27
228 10 220 
229 220 221 
230 221 222 
231 222 223 
232 223 224 
233 224 225 
234 225 226 
235 226 227 
236 227 228 
237 228 229 
238 229 230 
239 230 231 
240 231 232 
241 232 233 
242 233 234 
243 234 235 
244 235 236 
245 236 237 
246 237 238 
247 238 239 
248 239 240 
249 240 241 
250 241 242 
251 242 243 
252 243 244 
253 244 245 
254 245 11 
1 10 1 27
255 11 246 
256 246 247 
257 247 248 
258 248 249 
259 249 250 
260 250 251 
261 251 252 
262 252 253 
263 253 254 
264 254 255 
265 255 256 
266 256 257 
267 257 258 
268 258 259 
269 259 260 
270 260 261 
271 261 262 
272 262 263 
273 263 264 
274 264 265 
275 265 266 
276 266 267 
277 267 268 
278 268 269 
279 269 270 
280 270 271 
281 271 2 
2 1 2 5750
282 1521 2731 1805 
283 298 1998 1808 
284 1676 2792 2496 
285 359 1777 1776 
286 359 1776 1775 
287 1826 2037 290 
288 1825 1981 287 
289 319 1778 1730 
290 355 1799 1713 
291 1806 1807 357 
292 2496 2834 1676 
293 360 2794 2058 
294 1372 1803 1731 
295 1713 1826 355 
296 1807 1825 357 
297 1944 2741 1702 
298 299 2867 1777 
299 306 1786 1746 
300 1809 2722 1665 
301 2320 2658 1659 
302 318 1785 54 
303 347 1812 1774 
304 1779 2831 1250 
305 2058 2794 2057 
306 1934 2851 1756 
307 363 2524 1755 
308 2216 2221 493 
309 1730 1805 319 
310 2572 2841 1913 
311 2081 2762 2363 
312 143 1815 274 
313 316 1969 73 
314 2617 2789 1697 
315 1872 2213 1782 
316 475 1758 1738 
317 1768 1910 1233 
318 1945 2741 1944 
319 2235 2236 494 
320 1737 2952 365 
321 1926 2795 2754 
322 2350 2835 2784 
323 1738 1757 475 
324 1833 2806 458 
325 1913 2841 320 
326 2117 2459 1463 
327 1354 1974 1388 
328 1195 1992 1899 
329 994 1993 1157 
330 1748 2311 491 
331 108 1778 107 
332 1733 2731 1521 
333 107 1778 319 
334 54 1785 53 
335 1333 2339 2173 
336 357 2725 1806 
337 1864 2139 758 
338 1899 1993 1195 
339 491 2756 1748 
340 1713 2037 1826 
341 1807 1981 1825 
342 458 2864 1833 
343 365 2952 2278 
344 1773 2609 1036 
345 453 2072 451 
346 161 1975 160 
347 1342 2728 1962 
348 1250 2831 2033 
349 1463 2458 2117 
350 2221 2846 493 
351 73 1969 72 
352 1407 1958 1804 
353 1806 2725 1808 
354 1805 2555 1363 
355 2416 2609 1773 
356 1998 1999 1808 
357 1386 1912 1911 
358 1754 1910 1768 
359 1741 1787 322 
360 1782 2726 1872 
361 2081 2363 2221 
362 1986 1987 1563 
363 1685 2330 1835 
364 2784 2835 1957 
365 300 2180 1742 
366 1361 2658 2320 
367 1936 1937 349 
368 1814 2577 1553 
369 322 1804 1741 
370 347 2884 1812 
371 1710 2113 1929 
372 2298 2299 2288 
373 1692 2439 2012 
374 1746 1795 306 
375 304 2722 1809 
376 276 2948 1735 
377 1676 1803 1372 
378 1365 1975 1974 
379 758 2817 1864 
380 1953 2760 2684 
381 1712 2085 2083 
382 2157 2459 671 
383 1758 2166 1700 
384 2330 2899 1835 
385 75 2845 1797 
386 1797 2891 75 
387 349 1938 1936 
388 328 1925 1750 
389 1435 2800 1813 
390 1536 2767 2593 
391 1735 2771 276 
392 1777 2867 1813 
393 1934 2977 2851 
394 255 1938 254 
395 1769 2602 469 
396 1365 2852 1975 
397 2754 2795 1593 
398 2012 2829 1692 
399 2299 2896 2288 
400 310 2789 2617 
401 1385 2952 1924 
402 2806 2900 446 
403 1938 2945 1739 
404 495 2353 1784 
405 144 1815 143 
406 1756 2830 1934 
407 311 1765 1763 
408 1813 2800 1814 
409 1790 2758 313 
410 2085 2889 2083 
411 1700 2546 1758 
412 966 2973 1882 
413 253 1939 252 
414 1808 2725 298 
415 1962 2728 2119 
416 1939 1940 291 
417 1803 2766 1731 
418 293 2082 1745 
419 1759 1974 329 
420 1526 1999 1254 
421 160 1975 1964 
422 1463 2459 2157 
423 1924 2927 1385 
424 292 2760 1953 
425 1832 2900 2806 
426 1388 1974 1759 
427 1365 1974 1354 
428 1791 1822 492 
429 1195 1993 994 
430 1157 1993 1356 
431 2524 2779 1755 
432 1659 2358 2320 
433 1996 2372 433 
434 1665 2722 1667 
435 1563 2774 1986 
436 451 2072 458 
437 1524 2284 1837 
438 1848 2945 2882 
439 1755 2851 363 
440 1681 2689 1948 
441 2174 2175 1049 
442 1903 2523 1902 
443 1761 2825 2765 
444 1762 2393 325 
445 2882 2945 297 
446 1758 2546 1738 
447 1150 2577 1814 
448 2339 2798 2173 
449 329 1973 1759 
450 1882 1883 966 
451 2757 2814 331 
452 1407 1804 1595 
453 1804 1958 1741 
454 425 1827 1452 
455 1730 2555 1805 
456 1521 1805 1363 
457 1386 2844 1912 
458 2232 2898 2863 
459 1745 2795 293 
460 2363 2762 418 
461 306 2861 1786 
462 331 1910 1754 
463 2815 2883 1867 
464 297 2945 1938 
465 2734 2821 2503 
466 1940 2769 291 
467 2765 2825 344 
468 316 2891 1798 
469 365 2859 1737 
470 2236 2778 494 
471 329 1975 161 
472 2593 2767 327 
473 453 2773 2072 
474 494 2888 2235 
475 1691 2814 2757 
476 310 2617 1761 
477 2863 2898 1722 
478 303 2481 1982 
479 498 1783 1781 
480 2638 2788 1892 
481 1763 1812 311 
482 1815 2939 274 
483 1689 2849 2790 
484 1688 2847 2791 
485 1936 1938 1739 
486 454 1837 1836 
487 1805 2731 319 
488 1892 2991 2638 
489 1769 2889 2602 
490 309 2772 2483 
491 1781 1801 498 
492 1872 2736 2213 
493 1788 1789 499 
494 2832 2952 1737 
495 1233 1911 1768 
496 2759 2801 1565 
497 1760 2789 261 
498 1671 2758 1790 
499 1821 1954 1715 
500 1750 2787 328 
501 1776 1814 1553 
502 465 2823 2065 
503 1754 2757 331 
504 1903 2906 2523 
505 297 1938 255 
506 254 1938 349 
507 97 1825 96 
508 45 1826 44 
509 318 2788 1785 
510 208 1829 308 
511 338 2507 1786 
512 411 2726 1783 
513 409 2770 1753 
514 1929 2959 1710 
515 2793 2823 464 
516 967 1883 970 
517 1761 2765 310 
518 1837 2284 1836 
519 1987 2730 1563 
520 1924 2952 2832 
521 1740 2723 2193 
522 1772 2423 1771 
523 1780 2593 327 
524 1742 2894 300 
525 1775 1834 359 
526 2299 2365 1589 
527 307 2942 2923 
528 303 2799 2481 
529 1998 2802 2786 
530 456 2883 2815 
531 2353 2919 1784 
532 261 2983 1760 
533 1361 2320 2319 
534 349 1939 253 
535 252 1939 291 
536 325 2989 1762 
537 2923 2942 1733 
538 2175 2985 1049 
539 1882 2973 1881 
540 1827 2995 1452 
541 1808 1999 1526 
542 1254 1999 1255 
543 1817 1818 314 
544 316 2856 1969 
545 452 2872 1772 
546 1209 2741 1945 
547 1697 2789 1760 
548 454 1836 1835 
549 1772 2910 452 
550 2917 2932 377 
551 2173 2869 1333 
552 1798 2856 316 
553 2459 2734 671 
554 1820 1991 1261 
555 1820 1954 1821 
556 1748 2756 1749 
557 1045 2881 1881 
558 309 2483 2021 
559 1753 2967 409 
560 1873 2932 2917 
561 1816 1817 314 
562 327 2732 1780 
563 1374 2727 1664 
564 2802 2842 1609 
565 1036 2759 1773 
566 1821 2809 1818 
567 108 2767 1778 
568 1981 2954 287 
569 2037 2953 290 
570 1881 2973 1045 
571 1097 1868 1866 
572 433 2957 1996 
573 499 1823 1788 
574 1912 2844 366 
575 2496 2792 472 
576 1783 2912 411 
577 2280 2305 415 
578 364 2858 2491 
579 2492 2862 1705 
580 1705 2930 2492 
581 2791 2847 340 
582 2790 2849 342 
583 2459 2821 2734 
584 1609 2842 1608 
585 2180 2820 1742 
586 1777 1813 1776 
587 94 2908 2886 
588 42 2907 2885 
589 1945 2835 1209 
590 2786 2802 1609 
591 1822 2947 492 
592 1778 2767 1536 
593 2739 2858 364 
594 293 2795 1926 
595 1757 2737 475 
596 2689 2906 1948 
597 366 2956 1912 
598 1937 1939 349 
599 469 2796 1769 
600 96 1825 287 
601 357 1825 97 
602 355 1826 45 
603 44 1826 290 
604 1872 2726 1871 
605 209 1829 208 
606 1804 2768 1595 
607 2113 2763 1929 
608 970 1883 1095 
609 966 1883 967 
610 1329 2801 2759 
611 8 168 167 
612 4 64 63 
613 2 12 271 
614 10 220 219 
615 115 6 116 
616 2193 3004 1740 
617 1045 2784 1957 
618 2117 2458 2115 
619 2809 2971 1818 
620 2483 2772 1690 
621 1558 1801 1781 
622 1729 1801 1558 
623 2151 2817 758 
624 1595 2768 2752 
625 2365 2897 1589 
626 1962 2961 1342 
627 2067 2823 2793 
628 179 2968 1819 
629 201 1834 200 
630 2797 2805 1276 
631 1817 1991 1820 
632 2755 2772 157 
633 1774 2820 347 
634 2886 2908 1744 
635 2885 2907 1743 
636 389 2219 391 
637 1819 2860 179 
638 2769 2839 2102 
639 311 2843 1765 
640 1261 1954 1820 
641 1748 2868 2311 
642 466 2910 1770 
643 412 2963 2144 
644 355 1800 1799 
645 1948 2822 1681 
646 2119 2728 1687 
647 286 2984 1767 
648 2065 2823 2067 
649 2319 2761 1361 
650 362 2934 1787 
651 1772 2872 2423 
652 1250 2893 1779 
653 1811 2724 1530 
654 2065 2940 465 
655 1957 2881 1045 
656 1758 2937 2166 
657 1874 2799 303 
658 2144 2865 412 
659 1786 2861 338 
660 2278 2952 1385 
661 291 2769 2102 
662 1832 2806 1833 
663 1774 1812 1556 
664 1556 1812 1763 
665 1798 2891 1797 
666 1784 2804 495 
667 1965 2852 2576 
668 1925 2920 1750 
669 1767 2857 286 
670 2218 2219 417 
671 1572 1900 1573 
672 1829 2803 308 
673 1770 2903 466 
674 374 2865 2145 
675 2151 2972 2817 
676 1911 1912 1768 
677 1209 2835 2350 
678 359 1834 201 
679 200 1834 289 
680 1789 2897 435 
681 2002 2948 276 
682 435 2933 1789 
683 2280 2975 2305 
684 2782 2808 2479 
685 2057 2794 301 
686 391 2219 493 
687 417 2219 389 
688 1974 1975 329 
689 1374 3009 2727 
690 1562 2774 1563 
691 1817 1820 1818 
692 2829 2993 1215 
693 1969 2807 72 
694 2750 2781 2395 
695 2145 2960 374 
696 1813 1814 1776 
697 2576 2852 1365 
698 1802 2760 292 
699 1773 2964 2416 
700 1819 1900 1572 
701 1680 2832 1737 
702 1874 2901 2799 
703 1787 2921 362 
704 1714 2366 1823 
705 1823 2366 1788 
706 2363 2846 2221 
707 2083 2889 1769 
708 1837 2975 1524 
709 1687 2813 2119 
710 1097 2828 1868 
711 1937 1940 1939 
712 2012 2993 2829 
713 1690 2772 2755 
714 1674 2733 1753 
715 299 2976 2867 
716 1911 2913 1386 
717 2136 2857 1532 
718 1940 2805 2797 
719 492 2816 1791 
720 1789 2933 499 
721 1820 1821 1818 
722 1568 2870 2501 
723 1773 2759 1565 
724 1800 2996 300 
725 2166 2903 1700 
726 1751 2920 1886 
727 1705 2862 1598 
728 1785 2843 53 
729 301 2930 2057 
730 1838 1977 315 
731 1838 2223 1977 
732 2225 2713 1922 
733 2195 2706 1985 
734 2656 2657 1985 
735 25 2719 302 
736 1517 2472 2223 
737 1325 2657 2656 
738 2056 2107 2058 
739 302 2719 1839 
740 1278 2107 2056 
741 1884 2302 1396 
742 1278 2056 2055 
743 2181 2666 1613 
744 1672 2303 1341 
745 34 2702 2627 
746 1116 2077 1596 
747 2229 2422 2308 
748 2308 2422 1841 
749 971 2308 1841 
750 1841 2381 971 
751 2381 2448 971 
752 2055 2059 1278 
753 1845 2448 2381 
754 865 2448 1845 
755 1838 2703 1653 
756 1516 2709 1839 
757 1845 1846 865 
758 302 2709 2704 
759 1396 2303 1884 
760 786 2362 788 
761 1396 2302 2091 
762 1843 1844 1231 
763 1978 2707 1979 
764 1839 2709 302 
765 1341 2303 1396 
766 1257 1847 1584 
767 1584 1847 1842 
768 358 1948 1947 
769 2703 2704 1653 
770 2223 2472 1410 
771 112 1843 1231 
772 1517 2223 1838 
773 1277 2059 1499 
774 186 1947 185 
775 1599 2571 1970 
776 1596 2077 2059 
777 86 2700 2659 
778 1842 1848 1584 
779 36 1849 333 
780 1970 2427 1599 
781 1895 1898 305 
782 1257 1893 1847 
783 277 2084 193 
784 2641 2676 2164 
785 279 1952 89 
786 1856 2550 1859 
787 1278 2059 1277 
788 1712 2653 1535 
789 1963 1990 1551 
790 1898 1900 305 
791 1904 1905 1155 
792 1392 2085 2084 
793 1613 2077 1116 
794 2121 2281 1255 
795 1391 1952 279 
796 1390 2707 2705 
797 1155 2484 1904 
798 1904 2484 1906 
799 1131 2395 1840 
800 506 1888 502 
801 1131 2422 2229 
802 1840 2422 1131 
803 278 2091 141 
804 1943 1956 1946 
805 1613 2666 2077 
806 104 307 103 
807 283 1956 1943 
808 1865 2550 1928 
809 3 281 37 
810 1605 2281 2121 
811 2086 2652 858 
812 2645 2683 2202 
813 358 1947 186 
814 1392 2084 277 
815 1921 2721 2716 
816 334 1855 196 
817 1906 2484 860 
818 182 1895 181 
819 181 1895 305 
820 9 277 193 
821 137 2592 283 
822 295 1901 184 
823 129 1874 303 
824 803 2418 794 
825 2390 2569 2093 
826 58 330 57 
827 1846 2362 865 
828 2076 2527 1294 
829 103 1949 102 
830 865 2362 786 
831 295 1902 1901 
832 130 1874 129 
833 788 2362 1599 
834 2644 2667 2030 
835 1979 2707 1390 
836 113 1843 112 
837 1894 2540 1893 
838 1725 1885 217 
839 502 1888 1043 
840 1396 2091 278 
841 914 2427 1970 
842 192 335 191 
843 1922 2713 2673 
844 5 279 89 
845 233 1907 304 
846 1232 1890 59 
847 1285 2540 1894 
848 862 2643 880 
849 57 1850 56 
850 295 1903 1902 
851 1240 1988 1980 
852 914 1970 1851 
853 2362 2571 1599 
854 1851 2086 914 
855 860 2079 1906 
856 1946 1956 1879 
857 807 2628 1852 
858 506 2014 1888 
859 1854 2014 1968 
860 1214 2650 1316 
861 2670 2671 2133 
862 266 1910 331 
863 1546 2720 2712 
864 1043 1888 1853 
865 114 1727 113 
866 1879 1957 1946 
867 79 1909 338 
868 55 1891 318 
869 708 2671 2670 
870 328 1916 213 
871 1850 1891 56 
872 1905 2418 1155 
873 1675 2304 2283 
874 30 2225 29 
875 1853 2004 1043 
876 2283 2304 1914 
877 228 1889 227 
878 1887 2150 1284 
879 234 1907 233 
880 1057 2283 1914 
881 1931 2003 1587 
882 1230 1925 215 
883 1855 2550 1856 
884 2131 2563 2130 
885 880 2643 1918 
886 185 1947 295 
887 2059 2077 1499 
888 1985 2706 2656 
889 2633 2637 812 
890 102 1949 341 
891 280 1990 245 
892 1600 2577 1150 
893 766 2610 1334 
894 1316 2513 1422 
895 1615 2631 1852 
896 1893 2540 1847 
897 1914 1915 1057 
898 2083 2653 1712 
899 3 508 281 
900 2133 2665 2132 
901 1894 2259 1285 
902 2485 2563 2131 
903 1596 2059 2055 
904 195 275 194 
905 2198 2424 1604 
906 260 310 259 
907 1981 1988 1704 
908 997 2153 2073 
909 2076 2573 1600 
910 217 1885 216 
911 1551 1990 280 
912 235 345 234 
913 307 1949 103 
914 2073 2152 997 
915 283 2592 1956 
916 9 367 277 
917 1915 2499 1057 
918 1615 2633 2631 
919 599 2606 2125 
920 1726 1923 61 
921 7 278 141 
922 720 2595 2130 
923 5 768 279 
924 283 1942 136 
925 2573 2577 1600 
926 27 353 26 
927 2125 2606 2123 
928 1422 2513 2462 
929 1566 2186 1935 
930 1980 1988 1981 
931 140 336 139 
932 184 1901 183 
933 207 2114 206 
934 1991 2053 1261 
935 2116 2117 2115 
936 1942 1944 348 
937 1996 2266 1995 
938 1962 2119 2118 
939 212 1913 211 
940 1859 2550 1865 
941 1995 2266 1334 
942 1888 2014 1854 
943 80 1909 79 
944 164 1933 1229 
945 1047 1893 1257 
946 354 1895 182 
947 89 1952 88 
948 1587 2003 1406 
949 296 1920 28 
950 1577 2635 2503 
951 336 1875 139 
952 1294 2573 2076 
953 293 1926 236 
954 1917 2473 1286 
955 334 2550 1855 
956 155 2020 154 
957 2627 2702 1661 
958 1462 1893 1047 
959 2130 2563 720 
960 1933 1934 1229 
961 2020 2022 352 
962 1475 2569 2390 
963 794 2418 795 
964 350 1874 130 
965 11 280 245 
966 296 1921 1920 
967 2595 2603 2125 
968 1296 1971 1626 
969 156 309 155 
970 283 1943 1942 
971 1491 2560 1959 
972 1237 1958 1407 
973 345 1907 234 
974 330 1850 57 
975 27 1920 353 
976 1615 2637 2633 
977 214 328 213 
978 56 1891 55 
979 1891 1892 318 
980 264 1941 263 
981 136 1942 135 
982 1187 2525 1972 
983 1284 2281 1887 
984 112 1231 111 
985 1417 2585 2079 
986 1715 1954 1353 
987 2697 2698 332 
988 1983 1986 294 
989 1852 2631 807 
990 1727 1843 113 
991 1887 2281 1605 
992 83 346 82 
993 1980 2233 1240 
994 196 1855 195 
995 1155 2418 803 
996 1960 2118 242 
997 505 2038 1951 
998 354 1896 1895 
999 997 2152 998 
1000 88 332 87 
1001 1229 1973 163 
1002 1972 2525 1533 
1003 1206 2690 2658 
1004 7 1012 278 
1005 1240 2233 1103 
1006 36 333 35 
1007 25 302 24 
1008 704 2155 1955 
1009 2254 2620 2351 
1010 1849 2696 333 
1011 1747 2004 1796 
1012 37 1849 36 
1013 2114 2116 2115 
1014 1616 2490 1992 
1015 2003 2103 1406 
1016 1935 2186 1580 
1017 1334 2610 1995 
1018 135 348 134 
1019 52 311 51 
1020 268 1233 267 
1021 1034 2153 995 
1022 292 1953 132 
1023 281 1849 37 
1024 263 1941 317 
1025 1261 2053 1054 
1026 59 1890 58 
1027 1966 1967 1337 
1028 515 2255 517 
1029 823 2676 2641 
1030 197 334 196 
1031 1992 2490 1573 
1032 995 2153 997 
1033 720 2603 2595 
1034 1489 2527 2076 
1035 19 1978 324 
1036 2091 2302 336 
1037 11 1096 280 
1038 763 2212 1932 
1039 1962 2118 1960 
1040 337 1990 1963 
1041 1728 1933 165 
1042 2511 2534 1405 
1043 1932 2213 763 
1044 336 1876 1875 
1045 880 2666 2181 
1046 166 1728 165 
1047 998 2152 1010 
1048 211 1913 320 
1049 2269 2630 1292 
1050 1336 1966 1337 
1051 2527 2529 1294 
1052 139 1875 138 
1053 1359 1936 1739 
1054 999 2187 1930 
1055 2025 2447 1291 
1056 2047 2567 2051 
1057 206 2114 361 
1058 77 306 76 
1059 1224 2014 506 
1060 2259 2570 1994 
1061 1951 2038 2004 
1062 208 308 207 
1063 2198 2499 1915 
1064 1619 2120 2110 
1065 183 354 182 
1066 81 1983 294 
1067 58 1890 330 
1068 2101 2150 1887 
1069 996 2560 952 
1070 1852 2628 2206 
1071 1855 1856 275 
1072 1623 2447 2025 
1073 1238 1958 1237 
1074 230 313 229 
1075 1023 2187 1000 
1076 215 1925 214 
1077 154 2020 352 
1078 1951 2039 505 
1079 1971 2110 1626 
1080 192 2084 335 
1081 1915 2424 2198 
1082 267 1910 266 
1083 1894 2570 2259 
1084 1885 1886 1230 
1085 1917 2529 2527 
1086 345 1908 1907 
1087 1851 2652 2086 
1088 2079 2518 2078 
1089 2079 2585 1906 
1090 704 2324 2212 
1091 1129 2134 1989 
1092 165 1933 164 
1093 708 2669 518 
1094 2110 2120 1070 
1095 1923 1924 1232 
1096 131 350 130 
1097 2212 2324 1932 
1098 1796 2004 1853 
1099 702 2155 704 
1100 61 1923 60 
1101 309 2020 155 
1102 1286 2529 1917 
1103 598 2665 2133 
1104 1971 2198 1604 
1105 1964 1965 321 
1106 195 1855 275 
1107 2126 2183 1313 
1108 1129 2231 2134 
1109 197 1927 334 
1110 1489 2075 1617 
1111 2503 2635 741 
1112 1955 2324 704 
1113 88 1952 332 
1114 131 1953 350 
1115 2004 2038 1043 
1116 2051 2567 1638 
1117 356 2225 30 
1118 235 1926 345 
1119 1928 2550 334 
1120 2125 2603 599 
1121 83 2195 346 
1122 558 2254 2251 
1123 1462 1894 1893 
1124 281 2444 1849 
1125 1490 2473 1917 
1126 1406 2103 1090 
1127 1489 2076 2075 
1128 225 364 224 
1129 135 1942 348 
1130 1617 2417 2279 
1131 2628 2647 1905 
1132 1500 2164 2163 
1133 860 2518 2079 
1134 1316 2650 2513 
1135 1359 1739 1397 
1136 517 2255 558 
1137 1010 2152 2068 
1138 342 2005 92 
1139 2285 2551 2547 
1140 1353 1954 1227 
1141 1000 2187 999 
1142 163 1973 162 
1143 22 315 21 
1144 28 1920 27 
1145 2068 2154 1010 
1146 1151 2163 1021 
1147 346 2195 1985 
1148 1616 2106 2006 
1149 1978 1979 324 
1150 858 2094 818 
1151 963 2441 2147 
1152 2150 2476 1284 
1153 2251 2256 558 
1154 2547 2551 1540 
1155 818 2094 857 
1156 1103 2233 2100 
1157 2094 2390 2093 
1158 213 1916 212 
1159 216 1885 1230 
1160 212 1916 1913 
1161 214 1925 328 
1162 1503 2132 1309 
1163 1796 1797 1795 
1164 819 2667 2644 
1165 1471 2534 2511 
1166 1896 1898 1895 
1167 1060 2017 1058 
1168 183 1901 354 
1169 1711 1712 1535 
1170 2075 2417 1617 
1171 1313 2184 2126 
1172 1682 1741 1380 
1173 1682 1787 1741 
1174 1959 2560 1930 
1175 138 2592 137 
1176 227 1889 323 
1177 2149 2476 2150 
1178 1312 2129 2128 
1179 2006 2490 1616 
1180 1389 2017 1060 
1181 1312 2128 2127 
1182 1619 2110 1971 
1183 266 331 265 
1184 1296 2198 1971 
1185 244 337 243 
1186 60 1923 1232 
1187 159 1964 321 
1188 162 1973 329 
1189 2088 2669 708 
1190 1503 2133 2132 
1191 1240 2060 1988 
1192 62 1726 61 
1193 1407 1595 1587 
1194 245 1990 244 
1195 1613 2194 2181 
1196 74 316 73 
1197 129 303 128 
1198 2539 2551 2285 
1199 1989 2155 1129 
1200 2047 2375 2159 
1201 1535 1972 1533 
1202 92 2005 91 
1203 1292 2539 2285 
1204 2006 2106 890 
1205 159 321 158 
1206 1420 2027 1421 
1207 1387 1715 1353 
1208 2034 2435 982 
1209 55 318 54 
1210 2061 2263 1442 
1211 162 329 161 
1212 1286 2473 2471 
1213 575 2500 1624 
1214 1466 2534 2276 
1215 1951 2004 1747 
1216 2017 2270 1058 
1217 233 304 232 
1218 2007 2150 2101 
1219 2081 2221 2220 
1220 128 1982 127 
1221 1453 2228 2039 
1222 2019 2110 1070 
1223 2084 2085 335 
1224 1243 1359 1244 
1225 1070 2120 559 
1226 337 1963 1961 
1227 1405 2534 1466 
1228 670 2097 1013 
1229 1227 1261 1054 
1230 236 1926 235 
1231 848 2415 2146 
1232 141 2091 140 
1233 558 2255 2254 
1234 1227 1954 1261 
1235 1415 2060 1109 
1236 783 2224 781 
1237 952 2560 1491 
1238 244 1990 337 
1239 2259 2384 1285 
1240 2104 2263 2061 
1241 2159 2567 2047 
1242 20 1978 19 
1243 308 2114 207 
1244 2134 2231 1624 
1245 736 2097 670 
1246 1747 1796 1795 
1247 1930 2560 999 
1248 2013 2341 1471 
1249 1471 2511 2013 
1250 82 1983 81 
1251 1129 2155 702 
1252 193 2084 192 
1253 2081 2220 2080 
1254 2159 2375 676 
1255 218 1725 217 
1256 783 2466 2224 
1257 1927 1928 334 
1258 1237 1407 1406 
1259 1679 1762 1355 
1260 337 1961 1960 
1261 785 2466 783 
1262 79 338 78 
1263 1490 2190 2024 
1264 621 1994 627 
1265 1054 2053 1003 
1266 1796 1798 1797 
1267 1355 1966 1336 
1268 1517 1653 1515 
1269 239 2031 351 
1270 2147 2441 1610 
1271 303 1982 128 
1272 1571 1816 1572 
1273 2080 2220 1100 
1274 1571 1991 1817 
1275 1364 2461 1684 
1276 2024 2473 1490 
1277 699 2263 2104 
1278 2471 2473 2025 
1279 1407 1587 1406 
1280 2007 2101 898 
1281 2253 2615 2262 
1282 1237 1406 1090 
1283 699 2104 678 
1284 1103 2100 906 
1285 1581 1695 1580 
1286 1500 2163 1151 
1287 1509 1510 1327 
1288 2027 2035 1421 
1289 2262 2613 2612 
1290 132 1953 131 
1291 2114 2115 361 
1292 1498 2032 1210 
1293 1094 2200 2109 
1294 872 2092 2026 
1295 2046 2621 2049 
1296 521 2343 523 
1297 910 2341 2013 
1298 1388 1755 1387 
1299 123 322 122 
1300 1312 2127 1084 
1301 1695 1935 1580 
1302 804 2086 809 
1303 2062 2074 1567 
1304 761 2035 1262 
1305 251 2102 250 
1306 2067 2074 2063 
1307 2279 2289 1617 
1308 1327 2187 1023 
1309 1709 2189 2188 
1310 2092 2093 2026 
1311 2034 2478 2451 
1312 1517 1838 1653 
1313 295 1947 1903 
1314 1943 1944 1942 
1315 2704 2709 1653 
1316 1380 1958 1238 
1317 1571 1817 1816 
1318 1967 1968 1337 
1319 44 290 43 
1320 559 2489 560 
1321 1747 1795 1746 
1322 1509 1654 1510 
1323 508 509 281 
1324 1381 1682 1380 
1325 2176 2192 443 
1326 1469 2161 1774 
1327 1500 2641 2164 
1328 1359 1397 1244 
1329 2146 2582 868 
1330 2055 2056 1706 
1331 890 2106 887 
1332 2313 2497 949 
1333 2093 2148 2026 
1334 1409 1936 1359 
1335 1624 2500 2134 
1336 346 1983 82 
1337 1514 2087 1323 
1338 1534 1535 1533 
1339 2146 2415 1614 
1340 1100 2098 2080 
1341 734 2098 1100 
1342 1336 1337 1224 
1343 1257 1584 1582 
1344 351 2082 238 
1345 216 1230 215 
1346 874 2026 893 
1347 807 2647 2628 
1348 1252 2332 2188 
1349 515 2515 2255 
1350 982 2478 2034 
1351 337 1960 243 
1352 60 1232 59 
1353 2063 2074 2062 
1354 147 2008 146 
1355 1251 2154 2064 
1356 294 1909 80 
1357 1597 2055 1706 
1358 2016 2017 1790 
1359 1967 1969 1968 
1360 1514 2088 2087 
1361 1972 2614 1187 
1362 164 1229 163 
1363 1654 1655 1510 
1364 1402 1571 1403 
1365 1580 2186 1268 
1366 1309 2132 1312 
1367 1070 2383 2019 
1368 110 327 109 
1369 1091 1237 1090 
1370 1200 1410 1198 
1371 2093 2569 2148 
1372 859 2224 2015 
1373 2039 2228 505 
1374 1219 2062 1567 
1375 1432 2610 766 
1376 895 2148 1101 
1377 1021 2163 1193 
1378 1537 1744 1704 
1379 443 2193 2176 
1380 1252 2188 1663 
1381 1762 1966 1355 
1382 1354 1387 1353 
1383 539 2247 2245 
1384 1047 1257 1256 
1385 1579 1580 1268 
1386 768 769 279 
1387 1109 2060 1106 
1388 1193 2095 2029 
1389 2258 2384 2259 
1390 857 2094 2092 
1391 2256 2343 521 
1392 2061 2447 1623 
1393 781 2224 859 
1394 991 1211 990 
1395 893 2148 895 
1396 2029 2179 1193 
1397 1067 2613 1112 
1398 2078 2518 954 
1399 315 2703 1838 
1400 885 2007 898 
1401 809 2086 858 
1402 39 273 38 
1403 2120 2489 559 
1404 2104 2346 678 
1405 98 357 97 
1406 1337 2014 1224 
1407 1084 2127 1082 
1408 1291 2471 2025 
1409 1537 1704 1415 
1410 2048 2105 2040 
1411 91 272 90 
1412 1534 1711 1535 
1413 1058 2270 767 
1414 127 2052 126 
1415 1233 1910 267 
1416 1422 2661 1505 
1417 1606 2121 1609 
1418 1943 1946 1945 
1419 1270 2112 1063 
1420 1790 2017 1389 
1421 1245 1353 1227 
1422 367 368 277 
1423 678 2346 582 
1424 881 2149 875 
1425 2037 2112 1703 
1426 729 1462 1047 
1427 286 2136 2135 
1428 40 2089 39 
1429 307 1950 1949 
1430 1055 1227 1054 
1431 296 1922 1921 
1432 1533 2525 1218 
1433 270 1724 269 
1434 2056 2057 1706 
1435 1198 2097 736 
1436 1943 1945 1944 
1437 2351 2620 1308 
1438 914 2086 804 
1439 2260 2261 685 
1440 956 2078 954 
1441 2048 2457 2105 
1442 2468 2469 2141 
1443 519 2256 521 
1444 2261 2267 685 
1445 1566 1671 1389 
1446 101 1997 100 
1447 2123 2606 2126 
1448 1357 2003 1931 
1449 2143 2287 2205 
1450 340 2089 40 
1451 140 2091 336 
1452 2108 2185 1395 
1453 336 2302 1876 
1454 2064 2154 2068 
1455 1428 2265 1685 
1456 1988 2060 1415 
1457 1262 2035 2027 
1458 1362 2113 1710 
1459 237 293 236 
1460 1243 1409 1359 
1461 1984 1987 1986 
1462 1124 2137 1215 
1463 550 2512 2383 
1464 1410 2472 2097 
1465 1782 2213 1559 
1466 1527 1806 1526 
1467 1453 2039 1455 
1468 874 893 881 
1469 2109 2338 1094 
1470 240 2031 239 
1471 1096 1258 280 
1472 1402 1991 1571 
1473 226 2274 225 
1474 1579 1581 1580 
1475 1547 2028 1546 
1476 761 2376 2035 
1477 1876 1880 1878 
1478 1357 1931 1564 
1479 2373 2461 2374 
1480 893 895 894 
1481 895 905 894 
1482 1006 2100 1408 
1483 1645 2357 1461 
1484 1739 1842 1397 
1485 1527 1807 1806 
1486 181 305 180 
1487 2140 2468 2141 
1488 2016 2270 2017 
1489 346 1984 1983 
1490 2015 2413 859 
1491 558 2256 519 
1492 621 627 623 
1493 1137 2033 1374 
1494 1408 1526 1254 
1495 2054 2313 1625 
1496 2040 2105 608 
1497 2249 2256 2251 
1498 729 1047 1046 
1499 627 628 623 
1500 1689 2185 2108 
1501 243 1960 242 
1502 864 2092 872 
1503 893 894 881 
1504 286 2135 188 
1505 1989 2426 2155 
1506 1597 1706 1705 
1507 93 342 92 
1508 2026 2148 893 
1509 1559 2213 1932 
1510 1211 1357 1212 
1511 1165 2332 1163 
1512 1655 1959 1930 
1513 887 2106 886 
1514 1128 2460 2286 
1515 1275 1670 1669 
1516 1626 2110 2019 
1517 1666 1810 1809 
1518 1379 1380 1238 
1519 502 1043 500 
1520 1476 1509 1327 
1521 842 2341 910 
1522 486 2038 505 
1523 1006 1408 1254 
1524 2118 2119 284 
1525 698 2231 700 
1526 1596 2055 1597 
1527 2056 2058 2057 
1528 91 2005 272 
1529 473 2099 476 
1530 1312 2132 2129 
1531 1605 2121 1606 
1532 906 2100 905 
1533 1323 2087 1310 
1534 1408 1527 1526 
1535 1529 1747 1746 
1536 1982 2052 127 
1537 1880 1882 1881 
1538 2181 2194 877 
1539 1002 1008 907 
1540 107 319 106 
1541 791 2111 911 
1542 1430 2144 1709 
1543 1275 2032 1670 
1544 509 2444 281 
1545 675 2184 1313 
1546 187 358 186 
1547 1606 1609 1608 
1548 731 2184 675 
1549 2464 2516 2209 
1550 1012 1341 278 
1551 1210 2032 1275 
1552 1703 2112 1270 
1553 1896 1899 1898 
1554 2126 2184 2122 
1555 593 2040 608 
1556 1255 2281 1007 
1557 171 1383 170 
1558 872 2026 874 
1559 907 2006 890 
1560 1984 1986 1983 
1561 1104 1240 1103 
1562 1253 2284 1271 
1563 1400 1605 1401 
1564 759 2139 1246 
1565 1427 2264 2138 
1566 1002 1402 1008 
1567 1014 2179 1418 
1568 248 2001 247 
1569 634 2258 617 
1570 1455 1529 1528 
1571 999 2560 996 
1572 1007 2281 1284 
1573 1625 2328 2054 
1574 2129 2130 2128 
1575 1880 1884 1882 
1576 1352 1537 1415 
1577 619 1994 621 
1578 1090 2103 993 
1579 1947 1948 1903 
1580 885 898 897 
1581 1666 2016 1810 
1582 1374 1664 1373 
1583 1671 1790 1389 
1584 1538 1743 1703 
1585 1122 2137 1124 
1586 2435 2436 982 
1587 1596 1597 1217 
1588 1645 2378 2357 
1589 254 349 253 
1590 1137 1374 1373 
1591 1741 1958 1380 
1592 734 2222 2098 
1593 1352 1415 1109 
1594 1247 1389 1060 
1595 525 2277 527 
1596 2245 2277 539 
1597 905 2100 1006 
1598 1607 2461 2373 
1599 1395 2185 1280 
1600 2177 2460 1128 
1601 2155 2426 1955 
1602 570 2407 2162 
1603 2282 2284 1253 
1604 1201 1390 1200 
1605 895 906 905 
1606 685 2294 2260 
1607 1184 2140 1186 
1608 1357 1564 1371 
1609 905 1006 909 
1610 2122 2184 1078 
1611 2143 2226 1629 
1612 2138 2265 1427 
1613 581 2230 698 
1614 211 320 210 
1615 1211 2003 1357 
1616 2230 2231 698 
1617 2162 2407 1632 
1618 621 623 622 
1619 603 2289 2279 
1620 1427 2265 1428 
1621 2315 2328 1625 
1622 2024 2190 590 
1623 29 2225 296 
1624 1163 2332 1252 
1625 346 1985 1984 
1626 700 2231 1129 
1627 595 2160 2042 
1628 628 638 637 
1629 1214 1316 1222 
1630 1072 2328 2315 
1631 1529 1951 1747 
1632 754 2151 758 
1633 885 897 896 
1634 673 1058 767 
1635 1102 1103 906 
1636 1400 1887 1605 
1637 690 2386 2222 
1638 2054 2497 2313 
1639 1253 2321 2282 
1640 2140 2141 1504 
1641 1027 1243 1028 
1642 1400 2101 1887 
1643 1116 1596 1217 
1644 1120 2165 1123 
1645 2451 2478 903 
1646 1513 1514 1323 
1647 864 872 871 
1648 1223 2113 1362 
1649 2197 2493 2465 
1650 1569 2144 1430 
1651 1426 1707 1692 
1652 1207 1435 1434 
1653 961 1417 959 
1654 963 2147 961 
1655 1856 1857 275 
1656 1567 1676 1372 
1657 1137 1373 1269 
1658 1512 2516 2464 
1659 2129 2131 2130 
1660 2205 2287 1449 
1661 1577 1678 1677 
1662 187 2135 358 
1663 787 2142 814 
1664 1571 1572 1403 
1665 986 1616 1195 
1666 1417 2079 2078 
1667 1083 1084 1082 
1668 1118 2165 1120 
1669 1410 2097 1198 
1670 898 2101 901 
1671 1293 2294 681 
1672 1529 2039 1951 
1673 908 1002 907 
1674 443 2316 2193 
1675 1063 2112 1065 
1676 2048 2526 2457 
1677 1094 2338 740 
1678 1666 2270 2016 
1679 879 2007 885 
1680 2021 2022 2020 
1681 1135 2033 1137 
1682 160 1964 159 
1683 2064 2066 2065 
1684 1316 1422 1317 
1685 1994 2570 627 
1686 2370 2487 1618 
1687 1364 1684 1521 
1688 33 282 32 
1689 1072 2315 2096 
1690 1605 1606 1401 
1691 1250 2033 1135 
1692 1310 2087 1503 
1693 1852 2206 1419 
1694 1025 2154 1251 
1695 638 2156 726 
1696 1219 1567 1372 
1697 2111 2226 911 
1698 1085 1309 1084 
1699 1532 1533 1218 
1700 81 294 80 
1701 523 2343 539 
1702 539 2343 2247 
1703 1006 1254 1007 
1704 654 2376 761 
1705 2227 2273 1628 
1706 21 1976 20 
1707 1085 1310 1309 
1708 1141 1335 1143 
1709 2149 2150 2007 
1710 2282 2321 1630 
1711 886 2106 986 
1712 966 967 965 
1713 1083 1085 1084 
1714 1211 2103 2003 
1715 1430 1709 1429 
1716 1273 1666 1665 
1717 2069 2070 2066 
1718 2169 2192 2176 
1719 2069 2071 2070 
1720 1106 2060 1104 
1721 2246 2294 1293 
1722 1477 1479 1478 
1723 582 2346 584 
1724 793 2111 791 
1725 2096 2387 1072 
1726 1310 1503 1309 
1727 1880 1881 1878 
1728 443 2192 442 
1729 1616 1992 1195 
1730 1455 2039 1529 
1731 828 2683 2645 
1732 1545 1546 1235 
1733 1708 1815 1707 
1734 677 2190 1490 
1735 591 2190 677 
1736 1114 1116 1115 
1737 2142 2205 814 
1738 850 868 853 
1739 1114 2194 1613 
1740 1418 2179 2029 
1741 527 2277 2243 
1742 1211 1212 990 
1743 1704 1988 1415 
1744 1569 2145 2144 
1745 1597 1705 1598 
1746 2064 2065 2063 
1747 626 1146 1145 
1748 1186 2140 1194 
1749 2143 2205 2142 
1750 756 2139 759 
1751 2068 2069 2066 
1752 888 2194 1114 
1753 2317 2488 2318 
1754 1976 1978 20 
1755 1122 1124 1121 
1756 2413 2521 1436 
1757 484 486 483 
1758 901 1400 987 
1759 1243 1244 1028 
1760 1135 1137 1136 
1761 263 317 262 
1762 670 1013 669 
1763 676 2375 2160 
1764 1247 1566 1389 
1765 1251 2063 2062 
1766 1027 1028 663 
1767 990 2451 903 
1768 2249 2343 2256 
1769 242 2118 241 
1770 1529 1746 1528 
1771 188 2135 187 
1772 1081 1083 1082 
1773 1116 1217 1115 
1774 1189 1429 1178 
1775 2127 2128 2124 
1776 992 2450 2374 
1777 959 2078 956 
1778 1081 2209 1083 
1779 2188 2189 1663 
1780 891 907 890 
1781 1919 2629 2618 
1782 593 608 594 
1783 848 2146 850 
1784 1081 1082 1080 
1785 901 2101 1400 
1786 1251 2064 2063 
1787 858 2652 2390 
1788 664 1027 663 
1789 1104 2060 1240 
1790 590 2190 588 
1791 41 340 40 
1792 1025 1251 1086 
1793 809 858 818 
1794 2092 2094 2093 
1795 1149 1150 1148 
1796 858 2390 2094 
1797 964 966 965 
1798 1419 2206 1282 
1799 1028 2384 663 
1800 1247 2186 1566 
1801 1086 2062 1219 
1802 960 961 959 
1803 961 2147 1417 
1804 967 969 968 
1805 2465 2493 2157 
1806 556 2160 595 
1807 874 881 875 
1808 239 351 238 
1809 1531 1679 1355 
1810 1806 1808 1526 
1811 1089 1090 993 
1812 1655 1930 1510 
1813 1243 2018 1409 
1814 133 292 132 
1815 1193 2163 2095 
1816 2383 2512 2019 
1817 1511 1513 1323 
1818 1148 1207 1147 
1819 1311 1323 1310 
1820 1320 2469 2468 
1821 969 2179 1014 
1822 1402 2053 1991 
1823 1120 1122 1121 
1824 834 2257 831 
1825 1276 2018 1029 
1826 1146 1148 1147 
1827 673 767 672 
1828 962 963 961 
1829 2244 2246 1293 
1830 2255 2620 2254 
1831 1362 1710 1552 
1832 500 2038 486 
1833 527 2243 529 
1834 850 2146 868 
1835 879 2149 2007 
1836 1082 2127 1290 
1837 1082 1290 1080 
1838 1194 2140 1504 
1839 635 663 634 
1840 872 874 873 
1841 1120 1121 1119 
1842 1189 1430 1429 
1843 1680 1737 1679 
1844 2222 2386 2098 
1845 1552 1775 1553 
1846 485 1250 1135 
1847 888 1114 981 
1848 2071 2072 2070 
1849 789 2142 787 
1850 1461 2414 840 
1851 1402 1403 1008 
1852 752 2151 754 
1853 1426 1692 1425 
1854 1013 1439 669 
1855 1118 1120 1119 
1856 1316 1317 1222 
1857 1271 2284 1524 
1858 862 880 867 
1859 1629 2227 1628 
1860 1114 1115 981 
1861 875 2149 879 
1862 2262 2615 1112 
1863 556 595 593 
1864 2167 2192 2169 
1865 1629 2287 2143 
1866 285 2195 84 
1867 507 1224 506 
1868 964 965 963 
1869 591 677 596 
1870 935 2191 1436 
1871 681 2294 685 
1872 970 973 969 
1873 1508 2196 1158 
1874 1418 1419 1282 
1875 2268 2345 2334 
1876 185 295 184 
1877 284 2031 240 
1878 467 475 470 
1879 1290 2124 2123 
1880 1422 1505 1317 
1881 529 2243 535 
1882 616 635 634 
1883 1078 2184 731 
1884 955 2317 957 
1885 969 1014 968 
1886 1506 1508 1158 
1887 2374 2450 2373 
1888 967 970 969 
1889 1246 2113 1223 
1890 2215 2218 2217 
1891 842 910 844 
1892 857 2092 864 
1893 488 2228 1453 
1894 485 1135 1134 
1895 442 2192 445 
1896 1217 2290 1115 
1897 2035 2376 2036 
1898 539 2277 525 
1899 965 2441 963 
1900 1375 1713 1376 
1901 967 968 965 
1902 323 2274 226 
1903 2124 2125 2123 
1904 224 2491 223 
1905 2147 2585 1417 
1906 2271 2273 1444 
1907 1439 2156 669 
1908 1412 2217 1729 
1909 2036 2376 2291 
1910 1199 1200 1198 
1911 2089 2090 273 
1912 831 2257 830 
1913 1219 1372 1220 
1914 790 2427 792 
1915 2258 2259 1994 
1916 2226 2380 2227 
1917 910 1118 1117 
1918 1143 2107 1278 
1919 1257 1582 1256 
1920 595 2040 593 
1921 1014 1418 1282 
1922 2162 2500 575 
1923 677 1488 1127 
1924 953 1461 840 
1925 447 2167 457 
1926 2201 2411 1226 
1927 2158 2430 2389 
1928 1664 1742 1373 
1929 616 2105 635 
1930 671 2465 2157 
1931 1050 2264 1427 
1932 814 2466 785 
1933 795 797 793 
1934 2111 2380 2226 
1935 1417 2078 959 
1936 1146 1149 1148 
1937 578 2230 581 
1938 503 506 502 
1939 237 2082 293 
1940 2158 2159 676 
1941 1335 2107 1143 
1942 1362 1552 1398 
1943 2065 2067 2063 
1944 2167 2168 457 
1945 476 485 478 
1946 2013 2165 1118 
1947 2069 2152 2073 
1948 1091 1238 1237 
1949 1251 2062 1086 
1950 1124 1215 1139 
1951 2191 2413 1436 
1952 1575 1577 1576 
1953 1011 2154 1025 
1954 1102 1104 1103 
1955 1223 1362 1281 
1956 1346 1355 1336 
1957 674 2487 2370 
1958 1013 1440 1439 
1959 39 2089 273 
1960 626 1145 624 
1961 2659 2700 1662 
1962 1876 2302 1880 
1963 554 2383 1070 
1964 1400 1401 987 
1965 2608 2624 2438 
1966 584 587 586 
1967 1194 1504 1502 
1968 1504 1657 1502 
1969 587 590 588 
1970 910 2013 1118 
1971 1309 1312 1084 
1972 2069 2073 2071 
1973 944 2208 946 
1974 1014 1282 1015 
1975 905 909 894 
1976 1612 1905 1904 
1977 588 2190 591 
1978 1290 2123 2122 
1979 1442 2447 2061 
1980 1488 1489 1127 
1981 1300 2314 2287 
1982 1638 2579 2051 
1983 759 1246 1223 
1984 962 964 963 
1985 1265 2217 1412 
1986 1617 2289 1127 
1987 570 2162 572 
1988 1440 1517 1515 
1989 677 1127 596 
1990 537 2158 676 
1991 1418 1492 1419 
1992 189 286 188 
1993 2100 2233 1408 
1994 957 2317 1192 
1995 1065 1375 1092 
1996 1290 2127 2124 
1997 960 962 961 
1998 759 1223 760 
1999 2389 2430 1465 
2000 1623 2025 2024 
2001 1448 2475 1449 
2002 1178 2332 1165 
2003 2226 2227 1629 
2004 2217 2218 1729 
2005 2167 2169 2168 
2006 608 2105 616 
2007 1080 2122 1078 
2008 459 466 461 
2009 904 990 903 
2010 1077 1078 731 
2011 597 603 602 
2012 1492 1615 1419 
2013 758 2139 756 
2014 1375 2037 1713 
2015 2163 2164 2095 
2016 238 2082 237 
2017 2334 2345 1464 
2018 1079 1080 1078 
2019 1388 1756 1755 
2020 1038 2506 1315 
2021 666 673 672 
2022 1123 1125 1122 
2023 1285 2384 1028 
2024 1127 2289 596 
2025 690 2222 689 
2026 791 911 789 
2027 706 2212 763 
2028 1598 2290 1217 
2029 1424 1538 1270 
2030 640 2156 638 
2031 880 2181 867 
2032 1118 1119 1117 
2033 587 588 586 
2034 638 726 637 
2035 986 2106 1616 
2036 1027 2018 1243 
2037 1493 1645 1461 
2038 1305 2549 2535 
2039 610 2279 626 
2040 1062 1270 1063 
2041 1927 1929 1928 
2042 610 626 624 
2043 625 2197 631 
2044 970 974 973 
2045 2199 2200 1094 
2046 1108 1109 1106 
2047 1784 2207 1377 
2048 889 890 887 
2049 1980 1981 1807 
2050 241 2118 284 
2051 1097 2151 752 
2052 1876 1878 1877 
2053 563 2203 564 
2054 85 285 84 
2055 756 759 757 
2056 1280 2185 1110 
2057 1423 1623 590 
2058 1158 2196 1156 
2059 991 2103 1211 
2060 648 2405 2291 
2061 661 2199 1094 
2062 1628 2273 2271 
2063 749 750 738 
2064 49 2180 48 
2065 1125 2137 1122 
2066 833 2275 836 
2067 1313 2183 2182 
2068 445 2192 2167 
2069 974 1021 973 
2070 904 991 990 
2071 308 2116 2114 
2072 1693 2108 1395 
2073 1623 2024 590 
2074 1666 1809 1665 
2075 1110 1352 1109 
2076 754 758 756 
2077 1313 2182 653 
2078 1713 1799 1376 
2079 1192 1498 1210 
2080 476 2099 485 
2081 252 291 251 
2082 750 1097 752 
2083 655 2499 1296 
2084 1022 1151 1021 
2085 2244 2361 1438 
2086 973 2179 969 
2087 1193 2179 973 
2088 2467 2511 1405 
2089 2183 2542 2182 
2090 703 2212 706 
2091 832 2275 833 
2092 883 886 882 
2093 241 284 240 
2094 1709 2188 1429 
2095 2317 2318 1498 
2096 1490 1917 1488 
2097 137 283 136 
2098 2220 2221 2216 
2099 897 982 896 
2100 1293 2361 2244 
2101 737 749 738 
2102 2035 2036 1421 
2103 485 1134 478 
2104 619 2258 1994 
2105 1425 2137 1125 
2106 1630 2321 2208 
2107 487 500 486 
2108 1283 1612 1611 
2109 1816 1819 1572 
2110 309 2021 2020 
2111 988 2208 944 
2112 84 2195 83 
2113 688 2239 694 
2114 556 593 557 
2115 938 939 834 
2116 1002 2053 1402 
2117 628 639 638 
2118 953 1493 1461 
2119 1043 2038 500 
2120 792 2427 796 
2121 2291 2405 2036 
2122 2169 2176 2173 
2123 501 502 500 
2124 607 2411 614 
2125 1079 1081 1080 
2126 1146 1147 1145 
2127 1775 1776 1553 
2128 2064 2068 2066 
2129 737 738 707 
2130 947 2286 943 
2131 2214 2215 1264 
2132 1435 1594 1434 
2133 447 457 450 
2134 1599 2427 790 
2135 2169 2173 2170 
2136 445 2167 447 
2137 578 581 580 
2138 1375 1376 1092 
2139 1321 2202 1500 
2140 1258 1736 1565 
2141 1283 2206 1612 
2142 591 596 592 
2143 624 625 611 
2144 752 754 753 
2145 879 885 884 
2146 974 1022 1021 
2147 1538 1703 1270 
2148 2257 2410 830 
2149 2214 2220 2216 
2150 627 2394 628 
2151 1351 1722 1721 
2152 581 678 582 
2153 508 510 509 
2154 796 914 804 
2155 1202 1425 1125 
2156 1252 1663 1330 
2157 754 756 755 
2158 1010 2154 1011 
2159 2357 2414 1461 
2160 1101 1102 906 
2161 29 296 28 
2162 669 2156 640 
2163 915 2273 2227 
2164 572 575 574 
2165 628 2394 639 
2166 1149 1600 1150 
2167 588 591 589 
2168 1377 2207 1338 
2169 1875 2592 138 
2170 748 1062 765 
2171 768 770 769 
2172 982 2436 896 
2173 1047 1256 1046 
2174 2287 2314 1449 
2175 486 505 483 
2176 949 2497 1128 
2177 750 752 751 
2178 2015 2521 2413 
2179 910 1117 844 
2180 1663 1698 1330 
2181 2457 2526 1030 
2182 2385 2409 825 
2183 1038 1315 1040 
2184 1062 1424 1270 
2185 2029 2030 1492 
2186 560 2489 563 
2187 608 616 609 
2188 686 2239 688 
2189 603 610 604 
2190 2188 2332 1429 
2191 845 2415 848 
2192 461 2166 463 
2193 2138 2264 1330 
2194 698 699 678 
2195 1128 2286 947 
2196 1615 1852 1419 
2197 661 1094 740 
2198 2160 2375 2042 
2199 481 2228 488 
2200 1099 2214 1264 
2201 1021 1193 973 
2202 1152 1321 1151 
2203 1330 2264 1162 
2204 603 604 602 
2205 2260 2294 2248 
2206 628 637 623 
2207 624 2197 625 
2208 642 2241 1438 
2209 575 576 574 
2210 1131 2229 772 
2211 537 676 542 
2212 547 2238 550 
2213 1372 1731 1220 
2214 2021 2023 2022 
2215 1173 2530 1171 
2216 931 2191 935 
2217 2015 2224 1620 
2218 774 778 777 
2219 794 795 793 
2220 1326 1327 1023 
2221 2169 2170 2168 
2222 593 594 557 
2223 703 706 705 
2224 1225 1336 1224 
2225 575 1624 576 
2226 587 1423 590 
2227 1876 1877 1875 
2228 482 483 481 
2229 1114 1613 1116 
2230 686 687 600 
2231 706 737 707 
2232 706 707 705 
2233 939 2257 834 
2234 1022 2300 1216 
2235 881 2476 2149 
2236 126 2052 312 
2237 540 2241 642 
2238 958 959 956 
2239 1424 1688 1538 
2240 2214 2216 2215 
2241 682 2267 684 
2242 2234 2235 1360 
2243 143 274 142 
2244 1085 1311 1310 
2245 1474 2015 1620 
2246 836 912 838 
2247 1022 1152 1151 
2248 567 686 600 
2249 704 2212 703 
2250 1014 1015 968 
2251 1300 2287 1629 
2252 1252 1330 1162 
2253 883 2194 888 
2254 1273 2270 1666 
2255 1552 1553 1398 
2256 668 669 640 
2257 677 1490 1488 
2258 2199 2201 2200 
2259 2279 2417 626 
2260 740 2338 748 
2261 467 470 468 
2262 1423 2061 1623 
2263 1062 1063 765 
2264 1202 1426 1425 
2265 941 1437 939 
2266 688 690 689 
2267 778 780 779 
2268 1159 2444 509 
2269 686 688 687 
2270 1321 1500 1151 
2271 1192 2317 1498 
2272 1322 1484 1321 
2273 378 2325 412 
2274 1484 2202 1321 
2275 684 2267 1432 
2276 698 700 699 
2277 792 793 791 
2278 1362 1398 1281 
2279 1098 1377 1338 
2280 572 2162 575 
2281 697 1098 1048 
2282 970 1095 974 
2283 581 698 678 
2284 1431 1569 1430 
2285 734 1100 1099 
2286 1100 2220 2214 
2287 1153 2517 2510 
2288 1214 1222 1221 
2289 1424 2338 2109 
2290 940 941 939 
2291 1098 1338 1048 
2292 1100 2214 1099 
2293 1338 2207 1622 
2294 688 689 687 
2295 700 701 699 
2296 700 702 701 
2297 641 2199 661 
2298 734 1099 732 
2299 1120 1123 1122 
2300 702 703 701 
2301 1153 2510 2269 
2302 603 2279 610 
2303 1354 1388 1387 
2304 2241 2242 1438 
2305 702 704 703 
2306 2123 2126 2122 
2307 650 2376 654 
2308 778 2308 780 
2309 931 935 933 
2310 1311 1511 1323 
2311 581 582 580 
2312 1051 2264 1050 
2313 564 2203 567 
2314 703 705 701 
2315 1223 1281 760 
2316 1241 2234 1360 
2317 877 883 882 
2318 958 960 959 
2319 1065 2112 1375 
2320 2234 2236 2235 
2321 692 734 732 
2322 1736 1773 1565 
2323 1194 1502 1319 
2324 1541 1784 1377 
2325 2247 2343 2249 
2326 653 2182 620 
2327 1673 1674 1263 
2328 595 2041 2040 
2329 597 2289 603 
2330 567 600 568 
2331 642 644 643 
2332 697 1048 695 
2333 1262 1263 1056 
2334 1112 2613 2262 
2335 2178 2409 2385 
2336 554 1070 559 
2337 761 1056 733 
2338 616 634 617 
2339 1427 1428 1052 
2340 1245 1354 1353 
2341 694 695 690 
2342 761 1262 1056 
2343 1282 1283 1015 
2344 625 630 629 
2345 1062 2338 1424 
2346 1179 1189 1178 
2347 1282 2206 1283 
2348 1349 2366 1714 
2349 1527 1980 1807 
2350 644 646 645 
2351 654 761 733 
2352 1262 1673 1263 
2353 682 684 683 
2354 774 2229 778 
2355 533 2158 537 
2356 684 766 746 
2357 1161 1162 1051 
2358 1290 2122 1080 
2359 1089 1091 1090 
2360 2068 2152 2069 
2361 617 2258 619 
2362 766 1334 1241 
2363 483 2228 481 
2364 1378 1541 1377 
2365 646 648 647 
2366 830 2410 2385 
2367 1474 1620 1448 
2368 1853 1854 1798 
2369 563 2446 2203 
2370 696 697 695 
2371 759 760 757 
2372 986 1195 994 
2373 1480 1589 1588 
2374 2234 2266 2236 
2375 689 692 691 
2376 895 1101 906 
2377 766 1241 746 
2378 1163 1252 1162 
2379 2208 2321 946 
2380 646 647 645 
2381 1542 1720 1541 
2382 644 645 643 
2383 684 746 683 
2384 797 2111 793 
2385 2245 2246 2244 
2386 935 1436 937 
2387 1055 1245 1227 
2388 1086 1219 1087 
2389 692 732 693 
2390 2661 2662 1505 
2391 1781 1783 1782 
2392 642 643 544 
2393 620 2182 618 
2394 1603 1996 1995 
2395 2242 2277 2245 
2396 463 467 464 
2397 682 683 680 
2398 1099 1264 1111 
2399 1334 2234 1241 
2400 440 443 442 
2401 647 2291 650 
2402 974 2300 1022 
2403 2247 2248 2246 
2404 679 680 648 
2405 778 779 777 
2406 1152 1322 1321 
2407 1226 2411 607 
2408 911 2226 2143 
2409 1444 2273 2272 
2410 1124 1139 1138 
2411 1264 2217 1265 
2412 1444 2349 2271 
2413 1542 2304 1720 
2414 943 2286 941 
2415 717 2268 719 
2416 719 2268 1020 
2417 1412 1729 1558 
2418 1558 1781 1559 
2419 772 2229 774 
2420 1053 1054 1003 
2421 859 2344 779 
2422 917 2349 1444 
2423 1012 1347 1341 
2424 767 2270 1273 
2425 1162 2264 1051 
2426 1338 1622 1621 
2427 1685 1835 1631 
2428 466 2166 461 
2429 855 2643 862 
2430 2242 2244 1438 
2431 1535 2653 1972 
2432 599 2603 543 
2433 706 763 737 
2434 872 873 871 
2435 937 2340 1005 
2436 1674 1753 1675 
2437 801 2272 915 
2438 576 2230 578 
2439 942 943 941 
2440 1486 1640 1487 
2441 1644 1769 1570 
2442 1622 2081 2080 
2443 666 672 657 
2444 681 682 680 
2445 1020 1486 1485 
2446 1462 2570 1894 
2447 540 642 544 
2448 1612 1904 1611 
2449 911 2142 789 
2450 1050 1052 988 
2451 2268 2334 1486 
2452 1292 2630 2539 
2453 790 791 789 
2454 1050 1427 1052 
2455 482 484 483 
2456 1412 1558 1413 
2457 1449 2475 2205 
2458 1658 1660 1484 
2459 1880 2302 1884 
2460 877 2194 883 
2461 535 2243 2241 
2462 2272 2273 915 
2463 2170 2172 2171 
2464 2249 2250 2248 
2465 2253 2262 2261 
2466 1020 2268 1486 
2467 1265 1412 1411 
2468 1068 2269 1292 
2469 1352 1689 1537 
2470 497 2316 438 
2471 787 814 785 
2472 2029 2095 2030 
2473 654 733 655 
2474 750 751 738 
2475 888 981 889 
2476 1303 2328 1071 
2477 1428 1631 1630 
2478 701 2263 699 
2479 1334 2266 2234 
2480 1367 1603 1602 
2481 1418 2029 1492 
2482 1432 2612 2000 
2483 1606 1608 1607 
2484 1428 1685 1631 
2485 567 2203 686 
2486 1781 1782 1559 
2487 2172 2175 2174 
2488 2251 2252 2250 
2489 2203 2239 686 
2490 754 755 753 
2491 1241 1360 1242 
2492 1558 1559 1413 
2493 440 2316 443 
2494 944 946 943 
2495 886 986 892 
2496 631 632 630 
2497 2252 2253 2250 
2498 69 365 68 
2499 1056 2283 1057 
2500 1859 1865 1864 
2501 2199 2411 2201 
2502 634 2384 2258 
2503 647 650 649 
2504 779 2344 777 
2505 885 896 884 
2506 1597 1598 1217 
2507 1115 1133 981 
2508 1003 2053 1002 
2509 1397 2540 1244 
2510 688 694 690 
2511 2506 2565 1315 
2512 625 631 630 
2513 2042 2044 2043 
2514 2047 2051 2046 
2515 2253 2261 2260 
2516 535 2241 540 
2517 650 654 651 
2518 689 2222 692 
2519 913 2191 931 
2520 1005 1307 1266 
2521 752 753 751 
2522 805 2272 801 
2523 2044 2046 2045 
2524 584 586 585 
2525 2275 2276 912 
2526 2247 2249 2248 
2527 676 2160 542 
2528 940 942 941 
2529 1603 1995 1602 
2530 2165 2511 2467 
2531 523 539 525 
2532 722 1175 612 
2533 656 657 632 
2534 665 666 657 
2535 1098 1378 1377 
2536 2215 2217 1264 
2537 1871 1873 1869 
2538 146 2008 343 
2539 642 1438 644 
2540 941 2286 1437 
2541 1322 2358 1659 
2542 1523 2280 1585 
2543 694 696 695 
2544 942 944 943 
2545 1428 1630 1052 
2546 1320 2468 1182 
2547 1236 1367 1289 
2548 435 2295 431 
2549 635 664 663 
2550 883 888 887 
2551 1639 2340 937 
2552 1146 2417 1149 
2553 685 2267 682 
2554 639 640 638 
2555 646 679 648 
2556 1480 1588 1366 
2557 2044 2045 2043 
2558 756 757 755 
2559 836 2275 912 
2560 925 2292 1443 
2561 1095 2300 974 
2562 1068 1292 1069 
2563 1071 2328 1072 
2564 535 540 536 
2565 2398 2407 600 
2566 1152 2358 1322 
2567 1052 2208 988 
2568 2301 2307 1450 
2569 2243 2277 2242 
2570 681 685 682 
2571 696 1113 697 
2572 946 947 943 
2573 2097 2472 1013 
2574 1367 1602 1289 
2575 1460 2326 2323 
2576 829 830 826 
2577 1307 1648 1480 
2578 540 544 541 
2579 1093 2307 2301 
2580 1378 1542 1541 
2581 780 781 779 
2582 921 2292 925 
2583 938 940 939 
2584 946 948 947 
2585 2044 2047 2046 
2586 554 559 555 
2587 1105 1106 1104 
2588 1264 1265 1111 
2589 1077 1079 1078 
2590 1367 1740 1603 
2591 1486 1487 1485 
2592 1770 1771 1701 
2593 679 681 680 
2594 692 693 691 
2595 2251 2254 2252 
2596 700 1129 702 
2597 1099 1111 732 
2598 1437 2257 939 
2599 2245 2247 2246 
2600 46 355 45 
2601 610 624 611 
2602 689 691 687 
2603 2229 2308 778 
2604 433 2372 432 
2605 1253 1271 1009 
2606 1489 1617 1127 
2607 1271 1523 1302 
2608 438 2316 440 
2609 867 2181 877 
2610 1137 1269 1136 
2611 1262 2027 1673 
2612 1322 1658 1484 
2613 2517 2526 2048 
2614 2248 2294 2246 
2615 795 798 797 
2616 2323 2326 815 
2617 948 1009 949 
2618 1674 1675 1263 
2619 2046 2049 2045 
2620 925 926 922 
2621 560 563 562 
2622 1025 1086 1026 
2623 1412 1413 1411 
2624 2249 2251 2250 
2625 925 975 926 
2626 1044 1236 1067 
2627 692 2222 734 
2628 510 511 509 
2629 1088 1364 1363 
2630 1523 1585 1525 
2631 648 2291 647 
2632 948 1253 1009 
2633 1306 1474 1448 
2634 1467 2367 745 
2635 1012 1555 1347 
2636 1338 1621 1048 
2637 1524 2280 1523 
2638 2242 2245 2244 
2639 1186 1194 1190 
2640 1625 2313 1302 
2641 2250 2260 2248 
2642 921 925 922 
2643 948 949 947 
2644 1523 1525 1302 
2645 2041 2048 2040 
2646 380 2325 378 
2647 567 568 566 
2648 883 887 886 
2649 935 937 936 
2650 1585 1748 1586 
2651 2488 2544 2318 
2652 564 567 566 
2653 824 826 825 
2654 828 829 826 
2655 1006 1007 909 
2656 1271 1302 1009 
2657 1032 1068 1033 
2658 1153 2269 1068 
2659 1564 2481 1371 
2660 1585 1586 1525 
2661 551 554 553 
2662 780 782 781 
2663 949 1128 947 
2664 1236 1289 1067 
2665 1296 2499 2198 
2666 1835 1836 1631 
2667 917 1444 827 
2668 1063 1065 1064 
2669 1624 2230 576 
2670 1022 1216 1152 
2671 1429 2332 1178 
2672 572 574 573 
2673 707 1442 705 
2674 921 922 919 
2675 929 2356 2292 
2676 1005 2340 1307 
2677 1347 2319 1752 
2678 1914 2304 1542 
2679 1577 1677 1576 
2680 2042 2043 2041 
2681 825 2442 822 
2682 1381 1683 1682 
2683 1111 2364 732 
2684 913 2344 2191 
2685 975 976 926 
2686 1436 1639 937 
2687 1622 2080 1621 
2688 610 611 604 
2689 1145 2197 624 
2690 1056 1057 733 
2691 983 2288 1075 
2692 1302 2313 1009 
2693 684 1432 766 
2694 1271 1524 1523 
2695 382 2331 490 
2696 643 2312 2237 
2697 909 2476 894 
2698 1008 2006 907 
2699 1032 1153 1068 
2700 1065 1092 1066 
2701 1307 1480 1366 
2702 1588 1789 1788 
2703 2253 2260 2250 
2704 392 454 390 
2705 916 917 827 
2706 1450 2307 975 
2707 397 398 396 
2708 408 410 406 
2709 810 827 805 
2710 918 919 917 
2711 920 921 919 
2712 929 2292 923 
2713 1269 2161 1469 
2714 1748 1749 1586 
2715 2319 2320 1752 
2716 2008 2439 343 
2717 399 400 398 
2718 421 422 420 
2719 923 2292 921 
2720 512 513 511 
2721 1449 2314 1447 
2722 2379 2392 1793 
2723 419 420 414 
2724 1088 2374 1364 
2725 2054 2328 1303 
2726 1698 2138 1330 
2727 389 390 388 
2728 395 396 394 
2729 401 402 400 
2730 403 404 402 
2731 413 414 410 
2732 1438 2361 644 
2733 935 936 933 
2734 405 406 404 
2735 422 424 423 
2736 426 427 424 
2737 529 535 531 
2738 1068 1069 1033 
2739 1135 1136 1134 
2740 1405 1466 1206 
2741 1241 1242 746 
2742 927 929 923 
2743 1260 1467 745 
2744 1044 1333 1236 
2745 1555 2319 1347 
2746 1716 1827 1522 
2747 1827 1828 1522 
2748 393 394 392 
2749 643 2237 544 
2750 770 1131 772 
2751 801 915 799 
2752 391 392 390 
2753 393 395 394 
2754 430 431 429 
2755 639 2394 729 
2756 647 649 645 
2757 1113 2368 697 
2758 911 2143 2142 
2759 1107 1108 1106 
2760 431 2295 429 
2761 1443 1450 975 
2762 646 2361 679 
2763 827 2272 805 
2764 1451 1522 1450 
2765 397 399 398 
2766 399 401 400 
2767 2237 2238 545 
2768 2286 2460 1437 
2769 547 550 549 
2770 920 923 921 
2771 1604 2424 1113 
2772 1360 1420 1242 
2773 413 419 414 
2774 823 824 822 
2775 1124 1138 1121 
2776 391 393 392 
2777 395 397 396 
2778 403 405 404 
2779 408 413 410 
2780 568 570 569 
2781 788 789 787 
2782 842 844 843 
2783 405 408 406 
2784 419 421 420 
2785 619 621 620 
2786 877 882 876 
2787 1069 2285 1351 
2788 1394 1395 1280 
2789 2535 2549 1648 
2790 401 403 402 
2791 428 429 427 
2792 821 2322 816 
2793 979 1093 983 
2794 983 1075 1073 
2795 1440 1515 1441 
2796 422 426 424 
2797 740 748 747 
2798 810 916 827 
2799 916 918 917 
2800 925 1443 975 
2801 1357 1371 1212 
2802 654 655 651 
2803 824 825 822 
2804 1093 2288 983 
2805 1451 1716 1522 
2806 422 423 420 
2807 544 2237 545 
2808 2322 2323 815 
2809 1444 2272 827 
2810 978 2306 1016 
2811 1347 1752 1672 
2812 918 920 919 
2813 979 983 980 
2814 1447 2314 2306 
2815 1455 1528 1456 
2816 1796 1853 1798 
2817 354 1897 1896 
2818 490 2325 380 
2819 485 2099 1250 
2820 551 2383 554 
2821 695 2386 690 
2822 153 2492 152 
2823 545 2238 547 
2824 2238 2512 550 
2825 1630 2208 1052 
2826 1522 2301 1450 
2827 1624 2231 2230 
2828 2001 2002 276 
2829 426 428 427 
2830 588 589 586 
2831 595 2042 2041 
2832 958 2350 960 
2833 1207 1433 1147 
2834 2337 2349 922 
2835 1009 2313 949 
2836 1305 1306 1074 
2837 1306 1448 1447 
2838 389 391 390 
2839 816 2322 815 
2840 975 2307 976 
2841 382 490 380 
2842 1197 1198 736 
2843 1443 1451 1450 
2844 1836 2284 2282 
2845 432 2372 436 
2846 862 867 866 
2847 980 2306 978 
2848 1161 1163 1162 
2849 1525 1625 1302 
2850 429 2295 496 
2851 544 545 541 
2852 650 651 649 
2853 1098 2368 1378 
2854 1631 2282 1630 
2855 435 2365 2295 
2856 514 515 513 
2857 820 822 821 
2858 1448 1449 1447 
2859 1139 1141 1140 
2860 1636 2178 2177 
2861 428 430 429 
2862 751 2406 738 
2863 976 979 978 
2864 202 359 201 
2865 414 492 410 
2866 436 497 438 
2867 742 2339 1044 
2868 926 2337 922 
2869 979 980 978 
2870 1108 1110 1109 
2871 430 432 431 
2872 550 551 549 
2873 797 2380 2111 
2874 1074 2306 980 
2875 1123 1126 1125 
2876 1301 2333 1144 
2877 1144 2333 1304 
2878 976 978 977 
2879 367 369 368 
2880 637 2487 623 
2881 632 2400 630 
2882 717 2345 2268 
2883 976 977 926 
2884 976 2307 979 
2885 1525 2315 1625 
2886 2172 2174 2171 
2887 406 407 404 
2888 584 2346 587 
2889 824 828 826 
2890 983 1073 980 
2891 378 412 376 
2892 1749 2096 1586 
2893 402 491 400 
2894 1292 2285 1069 
2895 398 415 396 
2896 423 2335 420 
2897 820 821 816 
2898 859 2413 2344 
2899 924 927 923 
2900 476 478 477 
2901 855 862 861 
2902 928 984 927 
2903 2306 2314 1016 
2904 1306 1447 1074 
2905 1828 2301 1522 
2906 2295 2296 496 
2907 780 2308 971 
2908 1207 1434 1433 
2909 1073 1305 1074 
2910 429 496 427 
2911 767 1273 1132 
2912 978 1016 977 
2913 979 2307 1093 
2914 1016 2314 1300 
2915 1347 1672 1341 
2916 2042 2375 2044 
2917 396 2305 394 
2918 614 2411 641 
2919 661 740 739 
2920 679 2361 1293 
2921 1632 2407 2398 
2922 1792 1822 1791 
2923 1044 1067 743 
2924 748 2338 1062 
2925 798 799 797 
2926 912 1471 838 
2927 1126 1202 1125 
2928 815 2326 811 
2929 1073 1074 980 
2930 2049 2050 2045 
2931 400 2311 398 
2932 424 425 423 
2933 427 2336 424 
2934 426 494 428 
2935 1717 1718 1716 
2936 1719 1791 1718 
2937 621 622 620 
2938 774 777 776 
2939 929 2392 2379 
2940 1307 1366 1266 
2941 398 2311 415 
2942 404 2309 402 
2943 596 597 592 
2944 2205 2475 814 
2945 920 924 923 
2946 1404 2364 1111 
2947 421 2327 422 
2948 542 2160 556 
2949 767 1132 672 
2950 989 1051 1050 
2951 540 541 536 
2952 813 815 811 
2953 1020 1485 1314 
2954 919 2349 917 
2955 924 928 927 
2956 1300 1629 1628 
2957 402 2309 491 
2958 559 560 555 
2959 420 2335 414 
2960 470 473 471 
2961 1439 2470 2156 
2962 582 584 583 
2963 820 823 822 
2964 946 2321 948 
2965 1447 2306 1074 
2966 1550 2034 1414 
2967 414 2335 492 
2968 535 536 531 
2969 568 2407 570 
2970 742 1044 743 
2971 1265 1411 1404 
2972 693 1445 1298 
2973 1016 1300 1299 
2974 430 433 432 
2975 799 2380 797 
2976 2271 2349 2337 
2977 388 2330 386 
2978 1530 2327 421 
2979 424 2336 425 
2980 563 564 562 
2981 1115 2290 1133 
2982 570 572 571 
2983 916 1460 918 
2984 1635 2054 1303 
2985 1304 1641 1636 
2986 806 810 805 
2987 1016 1299 977 
2988 1071 1072 985 
2989 1619 1971 1604 
2990 387 389 388 
2991 748 765 764 
2992 1375 2112 2037 
2993 434 435 431 
2994 658 742 659 
2995 977 2337 926 
2996 1128 2497 2177 
2997 1304 1636 1635 
2998 1452 2335 423 
2999 770 772 771 
3000 810 2326 916 
3001 839 2341 842 
3002 918 2329 920 
3003 920 2329 924 
3004 1856 1858 1857 
3005 948 2321 1253 
3006 989 1050 988 
3007 1297 1604 1113 
3008 1304 1635 1303 
3009 2292 2356 1443 
3010 1451 1717 1716 
3011 512 514 513 
3012 782 783 781 
3013 1349 1714 1647 
3014 554 555 553 
3015 1378 2368 1543 
3016 1486 2334 1640 
3017 422 2327 426 
3018 802 805 801 
3019 928 985 984 
3020 1300 1628 1299 
3021 426 2327 494 
3022 1132 2454 672 
3023 800 801 799 
3024 916 2326 1460 
3025 1032 1033 1031 
3026 2170 2171 2168 
3027 496 2336 427 
3028 473 476 474 
3029 510 512 511 
3030 796 804 803 
3031 2241 2243 2242 
3032 1175 2429 612 
3033 770 771 769 
3034 781 859 779 
3035 1149 2417 2075 
3036 1543 1914 1542 
3037 2295 2365 2296 
3038 826 2385 825 
3039 1204 1206 1205 
3040 1836 2282 1631 
3041 1636 2177 1635 
3042 1717 1719 1718 
3043 1719 1792 1791 
3044 811 2326 810 
3045 1017 1301 1144 
3046 508 1554 510 
3047 1144 1304 1303 
3048 1304 2333 1641 
3049 1586 2315 1525 
3050 813 816 815 
3051 2296 2299 2298 
3052 772 774 773 
3053 1141 1143 1142 
3054 1445 2426 1989 
3055 2254 2351 2252 
3056 819 820 816 
3057 1348 2355 2354 
3058 1545 1547 1546 
3059 1216 2358 1152 
3060 1621 2386 1048 
3061 415 2305 396 
3062 1030 1032 1031 
3063 1112 2615 2611 
3064 1602 2000 1289 
3065 1445 1989 1446 
3066 2096 2315 1586 
3067 407 2310 2309 
3068 2227 2380 915 
3069 929 2379 2356 
3070 407 2309 404 
3071 806 811 810 
3072 1719 1793 1792 
3073 386 416 384 
3074 491 2311 400 
3075 2296 2298 2297 
3076 387 388 386 
3077 1299 2337 977 
3078 2334 2486 1640 
3079 1793 1794 1792 
3080 291 2102 251 
3081 1443 2356 1451 
3082 1749 2520 2096 
3083 1017 2342 1301 
3084 2036 2382 1421 
3085 2296 2297 496 
3086 1242 2382 746 
3087 2387 2403 984 
3088 675 1313 653 
3089 521 523 522 
3090 742 743 659 
3091 2297 2336 496 
3092 2291 2376 650 
3093 1559 1932 1413 
3094 680 2405 648 
3095 802 806 805 
3096 922 2349 919 
3097 1263 2283 1056 
3098 1488 2527 1489 
3099 800 802 801 
3100 1550 2435 2034 
3101 693 2364 1445 
3102 945 988 944 
3103 1394 1601 1395 
3104 425 1452 423 
3105 525 527 526 
3106 1067 1112 743 
3107 1069 1351 1350 
3108 523 525 524 
3109 591 592 589 
3110 744 745 718 
3111 798 800 799 
3112 1460 2329 918 
3113 1628 2271 1299 
3114 668 670 669 
3115 928 1017 985 
3116 1017 1071 985 
3117 1440 1441 1439 
3118 641 661 660 
3119 1539 1540 1260 
3120 386 2330 416 
3121 644 2361 646 
3122 806 812 811 
3123 1588 1788 1366 
3124 1379 1381 1380 
3125 461 463 462 
3126 1144 1303 1071 
3127 1204 1405 1206 
3128 605 606 514 
3129 812 813 811 
3130 813 819 816 
3131 937 1005 936 
3132 768 2395 770 
3133 719 1020 1019 
3134 416 2331 384 
3135 1017 1144 1071 
3136 1205 1348 1203 
3137 1322 1659 1658 
3138 1307 2340 1648 
3139 732 2364 693 
3140 2618 2629 868 
3141 1451 2356 1717 
3142 1527 2233 1980 
3143 1601 1693 1395 
3144 1453 1455 1454 
3145 1601 1840 1693 
3146 405 409 408 
3147 663 2384 634 
3148 984 2392 927 
3149 1044 2339 1333 
3150 1437 2410 2257 
3151 545 547 546 
3152 777 913 776 
3153 2402 2446 1634 
3154 2271 2337 1299 
3155 687 2398 600 
3156 1424 2109 1688 
3157 459 461 460 
3158 551 553 552 
3159 679 1293 681 
3160 596 2289 597 
3161 924 2342 928 
3162 655 1296 1295 
3163 1393 1394 1280 
3164 1394 1841 1601 
3165 1411 2324 1955 
3166 1423 2104 2061 
3167 2044 2375 2047 
3168 2130 2595 2128 
3169 384 2331 382 
3170 512 605 514 
3171 2098 2386 1621 
3172 633 652 613 
3173 401 495 403 
3174 645 2312 643 
3175 1160 1161 1051 
3176 715 716 714 
3177 1961 1962 1960 
3178 697 2368 1098 
3179 2329 2342 924 
3180 1205 1361 1348 
3181 1029 2018 1027 
3182 928 2342 1017 
3183 713 717 715 
3184 1072 2387 985 
3185 1793 2403 1794 
3186 478 479 477 
3187 527 529 528 
3188 545 546 541 
3189 696 1297 1113 
3190 1469 1774 1556 
3191 714 728 712 
3192 762 2339 742 
3193 1177 1178 1165 
3194 658 659 652 
3195 1393 2381 1394 
3196 517 558 519 
3197 829 831 830 
3198 547 549 548 
3199 1265 1404 1111 
3200 693 1298 691 
3201 841 953 840 
3202 2158 2389 2159 
3203 1413 2324 1411 
3204 527 528 526 
3205 841 2438 953 
3206 391 493 393 
3207 553 709 552 
3208 1378 1543 1542 
3209 397 418 399 
3210 403 2352 405 
3211 709 1464 711 
3212 711 713 712 
3213 1423 2346 2104 
3214 551 552 549 
3215 399 2353 401 
3216 719 744 718 
3217 2036 2405 2382 
3218 455 1530 421 
3219 709 710 552 
3220 1719 2379 1793 
3221 2239 2446 2402 
3222 476 477 474 
3223 717 719 718 
3224 1069 1350 1033 
3225 1699 1701 1331 
3226 1408 2233 1527 
3227 385 386 384 
3228 713 715 714 
3229 707 2406 1442 
3230 1421 2382 1242 
3231 568 569 566 
3232 1284 2476 909 
3233 2296 2365 2299 
3234 547 548 546 
3235 613 2348 606 
3236 1675 2283 1263 
3237 2105 2457 635 
3238 2075 2076 1600 
3239 711 712 710 
3240 713 714 712 
3241 830 2385 826 
3242 419 455 421 
3243 746 2382 683 
3244 774 776 773 
3245 1445 1446 1298 
3246 19 324 18 
3247 385 387 386 
3248 560 562 561 
3249 658 762 742 
3250 915 2380 799 
3251 1989 2134 1446 
3252 1297 1619 1604 
3253 523 524 522 
3254 1110 2185 1352 
3255 542 556 543 
3256 745 2367 718 
3257 614 633 613 
3258 633 658 652 
3259 717 718 715 
3260 1143 1278 1277 
3261 1204 1205 1203 
3262 387 417 389 
3263 529 531 530 
3264 804 809 808 
3265 395 2363 397 
3266 436 2372 497 
3267 730 1130 1076 
3268 1348 2354 1203 
3269 438 440 439 
3270 864 871 870 
3271 657 2454 632 
3272 1291 2406 751 
3273 770 2395 1131 
3274 772 773 771 
3275 1641 2409 1636 
3276 1048 2386 695 
3277 777 2344 913 
3278 1219 1220 1087 
3279 2356 2379 1717 
3280 649 2312 645 
3281 1063 1064 765 
3282 1770 1772 1771 
3283 705 2263 701 
3284 1411 1955 1404 
3285 383 384 382 
3286 659 1308 652 
3287 904 992 991 
3288 1420 1421 1242 
3289 1543 1915 1914 
3290 1717 2379 1719 
3291 525 526 524 
3292 867 877 876 
3293 985 2387 984 
3294 655 1295 651 
3295 1351 1721 1350 
3296 848 850 849 
3297 1259 1539 1260 
3298 2080 2098 1621 
3299 564 566 565 
3300 587 2346 1423 
3301 730 2370 1130 
3302 519 521 520 
3303 578 580 579 
3304 709 711 710 
3305 2239 2402 694 
3306 607 613 606 
3307 711 2345 713 
3308 1258 1551 280 
3309 718 2367 715 
3310 1856 1859 1858 
3311 383 385 384 
3312 942 945 944 
3313 719 1019 744 
3314 533 2430 2158 
3315 1485 1649 1314 
3316 484 487 486 
3317 521 522 520 
3318 780 971 782 
3319 2392 2403 1793 
3320 2178 2460 2177 
3321 529 530 528 
3322 850 853 851 
3323 1004 2514 1477 
3324 1721 1723 1350 
3325 2323 2396 1460 
3326 1464 2345 711 
3327 2382 2405 683 
3328 715 2367 716 
3329 432 434 431 
3330 536 1465 531 
3331 1053 1055 1054 
3332 2559 2606 599 
3333 927 2392 929 
3334 1011 1025 1024 
3335 1568 1735 1539 
3336 2342 2396 1301 
3337 1404 2426 2364 
3338 931 933 932 
3339 2368 2424 1543 
3340 436 438 437 
3341 560 561 555 
3342 605 1226 607 
3343 614 641 636 
3344 713 2345 717 
3345 1042 1214 1213 
3346 2409 2442 825 
3347 1845 2381 1393 
3348 1394 2381 1841 
3349 608 609 594 
3350 632 2454 2400 
3351 1296 1626 1295 
3352 548 1018 546 
3353 405 2352 409 
3354 898 901 899 
3355 1020 1314 1019 
3356 470 471 468 
3357 1105 1107 1106 
3358 710 2419 2391 
3359 1254 1255 1007 
3360 550 2383 551 
3361 566 2359 565 
3362 738 2406 707 
3363 467 468 464 
3364 576 578 577 
3365 2329 2396 2342 
3366 452 459 453 
3367 2156 2470 726 
3368 796 2427 914 
3369 432 436 434 
3370 710 2391 552 
3371 622 674 653 
3372 247 276 246 
3373 1275 1669 1668 
3374 1932 2324 1413 
3375 48 2180 300 
3376 898 899 897 
3377 1505 1656 1317 
3378 495 2352 403 
3379 1626 1627 1295 
3380 2237 2463 2238 
3381 2197 2465 631 
3382 847 972 846 
3383 1543 2424 1915 
3384 1013 2472 1440 
3385 439 499 437 
3386 455 1811 1530 
3387 564 565 562 
3388 296 2225 1922 
3389 1202 2354 1426 
3390 479 2347 482 
3391 401 2353 495 
3392 740 747 739 
3393 989 1160 1051 
3394 1446 1632 1298 
3395 641 2411 2199 
3396 651 2388 649 
3397 672 2454 657 
3398 1259 1260 745 
3399 1477 2556 1479 
3400 479 482 481 
3401 1634 2120 1619 
3402 709 2397 1464 
3403 867 876 866 
3404 1473 1779 1757 
3405 652 2348 613 
3406 1279 1280 1110 
3407 691 2398 687 
3408 1442 2263 705 
3409 1626 2019 1627 
3410 381 383 382 
3411 2442 2455 821 
3412 1031 1276 1029 
3413 1297 1634 1619 
3414 1440 2472 1517 
3415 1460 2396 2329 
3416 381 382 380 
3417 548 1637 1018 
3418 1059 1060 1058 
3419 418 2353 399 
3420 951 1034 995 
3421 1005 1266 1154 
3422 1182 2468 1184 
3423 1259 1568 1539 
3424 744 1259 745 
3425 541 2369 536 
3426 683 2405 680 
3427 984 2403 2392 
3428 1862 1863 1861 
3429 473 474 471 
3430 569 2359 566 
3431 829 832 831 
3432 661 739 660 
3433 694 2402 696 
3434 836 838 837 
3435 945 989 988 
3436 839 842 841 
3437 1636 2409 2178 
3438 1199 1201 1200 
3439 626 2417 1146 
3440 1308 2348 652 
3441 1955 2426 1404 
3442 383 498 385 
3443 600 2407 568 
3444 1324 2209 1081 
3445 1119 1614 1117 
3446 605 607 606 
3447 725 1036 724 
3448 835 938 834 
3449 552 2391 549 
3450 546 2369 541 
3451 1279 1393 1280 
3452 1033 2371 1031 
3453 2165 2467 1123 
3454 696 2402 1297 
3455 2391 2419 1637 
3456 555 2397 553 
3457 537 542 538 
3458 1860 1861 1858 
3459 549 2391 548 
3460 1283 1611 1610 
3461 2000 2610 1432 
3462 379 380 378 
3463 397 2363 418 
3464 667 668 640 
3465 553 2397 709 
3466 1184 2468 2140 
3467 447 450 448 
3468 479 481 480 
3469 853 855 854 
3470 862 866 861 
3471 1126 1204 1203 
3472 728 2419 712 
3473 888 889 887 
3474 1637 1638 1018 
3475 845 846 843 
3476 1578 1579 1268 
3477 786 787 785 
3478 2269 2510 2050 
3479 444 449 441 
3480 2486 2519 1640 
3481 886 892 882 
3482 1266 2366 1349 
3483 556 557 543 
3484 450 452 451 
3485 548 2391 1637 
3486 641 660 636 
3487 1194 1319 1190 
3488 2385 2410 2178 
3489 625 629 611 
3490 1699 1770 1701 
3491 1295 2388 651 
3492 1244 1285 1028 
3493 379 381 380 
3494 605 2425 1226 
3495 478 2347 479 
3496 1866 1867 1863 
3497 445 447 446 
3498 798 807 800 
3499 1126 1203 1202 
3500 889 891 890 
3501 1258 1565 1551 
3502 510 2425 512 
3503 1030 1031 1029 
3504 1601 2422 1840 
3505 748 764 747 
3506 874 875 873 
3507 1113 2424 2368 
3508 1632 2500 2162 
3509 377 378 376 
3510 784 865 786 
3511 1102 1105 1104 
3512 1210 1275 1274 
3513 1426 1708 1707 
3514 2073 2648 2071 
3515 2410 2460 2178 
3516 1554 2425 510 
3517 739 1049 660 
3518 1298 2398 691 
3519 1065 1066 1064 
3520 1169 2401 1173 
3521 1859 1864 1860 
3522 2322 2443 2323 
3523 1350 2371 1033 
3524 940 2378 942 
3525 1153 2526 2517 
3526 1494 2562 2495 
3527 913 931 930 
3528 438 439 437 
3529 250 339 249 
3530 822 2442 821 
3531 1376 1732 1092 
3532 1189 1431 1430 
3533 1723 2371 1350 
3534 1644 2083 1769 
3535 2344 2413 2191 
3536 536 2369 1465 
3537 1185 1187 1183 
3538 373 456 375 
3539 938 2357 940 
3540 369 370 368 
3541 1314 1368 1019 
3542 1620 2475 1448 
3543 377 379 378 
3544 1366 2366 1266 
3545 666 2204 673 
3546 753 1291 751 
3547 2209 2516 1083 
3548 1870 1871 1869 
3549 656 671 665 
3550 1868 1869 1867 
3551 614 636 633 
3552 723 724 722 
3553 570 571 569 
3554 572 573 571 
3555 607 614 613 
3556 1714 1830 1647 
3557 981 2293 889 
3558 561 2397 555 
3559 1031 2371 1276 
3560 1326 1476 1327 
3561 2322 2455 2443 
3562 649 2388 2312 
3563 757 1286 755 
3564 792 796 794 
3565 1968 2014 1337 
3566 436 437 434 
3567 1061 1247 1060 
3568 249 2232 248 
3569 1266 1349 1154 
3570 664 1029 1027 
3571 1470 1845 1393 
3572 2396 2443 1301 
3573 1860 1862 1861 
3574 1281 1294 760 
3575 1904 1906 1611 
3576 1018 2369 546 
3577 639 729 667 
3578 809 818 817 
3579 375 376 374 
3580 1870 1872 1871 
3581 2034 2451 1414 
3582 2323 2443 2396 
3583 225 2274 364 
3584 622 653 620 
3585 1847 2540 1397 
3586 630 2400 662 
3587 373 374 372 
3588 2347 2437 482 
3589 839 840 837 
3590 1297 2402 1634 
3591 375 377 376 
3592 1134 2347 478 
3593 721 722 612 
3594 1149 2075 1600 
3595 1414 2451 1212 
3596 1279 1470 1393 
3597 1788 2366 1366 
3598 1471 2341 838 
3599 992 993 991 
3600 1862 1866 1863 
3601 821 2455 2322 
3602 1416 1497 727 
3603 845 848 847 
3604 1859 1860 1858 
3605 1409 1937 1936 
3606 482 2437 484 
3607 1470 1846 1845 
3608 1641 2455 2442 
3609 1952 2697 332 
3610 2196 2477 1156 
3611 542 543 538 
3612 796 803 794 
3613 897 2478 982 
3614 1627 2388 1295 
3615 585 2360 1174 
3616 1145 2493 2197 
3617 373 375 374 
3618 2406 2447 1442 
3619 1866 1868 1867 
3620 1172 1496 1170 
3621 908 1003 1002 
3622 2612 2613 2000 
3623 442 445 444 
3624 1632 2398 1298 
3625 148 288 147 
3626 833 834 831 
3627 1019 2399 744 
3628 2508 2521 1474 
3629 573 612 571 
3630 2364 2426 1445 
3631 2276 2534 912 
3632 1226 2479 2201 
3633 631 656 632 
3634 1108 1279 1110 
3635 1467 2440 2367 
3636 582 583 580 
3637 1107 2377 1108 
3638 1868 1870 1869 
3639 1532 1534 1533 
3640 371 372 370 
3641 463 464 462 
3642 1101 2428 1102 
3643 1841 2422 1601 
3644 656 665 657 
3645 512 2425 605 
3646 1005 1154 936 
3647 1177 1179 1178 
3648 2387 2520 2403 
3649 1642 2454 1132 
3650 1164 1165 1163 
3651 808 1155 803 
3652 846 2438 843 
3653 1287 1288 1107 
3654 712 2419 710 
3655 788 1599 790 
3656 2495 2562 1320 
3657 609 2542 594 
3658 1458 1459 1288 
3659 67 1385 66 
3660 782 784 783 
3661 1641 2442 2409 
3662 1473 2431 1779 
3663 733 2499 655 
3664 814 2475 2466 
3665 1212 2451 990 
3666 1301 2443 2333 
3667 2171 2423 2168 
3668 942 2378 945 
3669 1477 1478 1239 
3670 1161 1164 1163 
3671 369 504 371 
3672 1004 1477 1239 
3673 896 2436 900 
3674 371 373 372 
3675 369 371 370 
3676 1287 1475 1458 
3677 833 836 835 
3678 891 908 907 
3679 1510 2187 1327 
3680 2354 2355 1708 
3681 503 507 506 
3682 744 2399 1259 
3683 1030 2526 1032 
3684 1038 1040 1039 
3685 1431 1570 1569 
3686 1851 1970 1459 
3687 2168 2423 457 
3688 1076 1077 731 
3689 842 843 841 
3690 484 2437 489 
3691 576 577 574 
3692 531 2430 530 
3693 2443 2455 2333 
3694 757 2529 1286 
3695 1701 2453 1331 
3696 1606 1607 1401 
3697 2032 2649 1670 
3698 1108 2377 1279 
3699 1164 1318 1176 
3700 933 934 932 
3701 1203 2354 1202 
3702 597 602 601 
3703 1283 1610 1015 
3704 533 537 534 
3705 573 721 612 
3706 1267 1268 1248 
3707 1516 1839 1519 
3708 538 720 534 
3709 178 314 177 
3710 913 930 776 
3711 1491 2505 950 
3712 1318 1495 1494 
3713 1441 2470 1439 
3714 735 736 670 
3715 1180 1320 1182 
3716 901 987 902 
3717 1086 1087 1026 
3718 2224 2466 1620 
3719 379 411 381 
3720 1305 2508 1306 
3721 1878 1879 1877 
3722 2177 2497 1635 
3723 1403 2490 1008 
3724 1634 2489 2120 
3725 1465 2430 531 
3726 855 861 854 
3727 1160 2404 1161 
3728 2367 2440 716 
3729 1139 1140 1138 
3730 764 1331 747 
3731 656 2465 671 
3732 1349 1647 1646 
3733 511 1159 509 
3734 665 741 666 
3735 673 1059 1058 
3736 1085 2516 1311 
3737 1169 1173 1171 
3738 440 442 441 
3739 487 501 500 
3740 513 2421 511 
3741 584 585 583 
3742 764 1332 1331 
3743 586 2360 585 
3744 2203 2446 2239 
3745 515 516 513 
3746 479 480 477 
3747 1105 1287 1107 
3748 2357 2378 940 
3749 1458 1851 1459 
3750 721 1481 723 
3751 519 520 518 
3752 840 2414 837 
3753 931 932 930 
3754 2050 2510 2045 
3755 1064 2452 765 
3756 664 2457 1030 
3757 1332 1699 1331 
3758 844 845 843 
3759 1618 2487 637 
3760 1373 2161 1269 
3761 569 2429 2359 
3762 818 857 856 
3763 1833 2648 2634 
3764 1096 2501 1258 
3765 1133 2293 981 
3766 1649 2416 1314 
3767 1554 2479 2425 
3768 784 785 783 
3769 1092 2431 1066 
3770 2333 2455 1641 
3771 1258 2501 1736 
3772 674 675 653 
3773 1918 1919 1399 
3774 1079 1324 1081 
3775 126 312 125 
3776 565 2553 2519 
3777 1291 2447 2406 
3778 1269 1469 1468 
3779 451 458 448 
3780 739 2453 1049 
3781 514 2515 515 
3782 1371 1549 1414 
3783 788 790 789 
3784 1437 2460 2410 
3785 520 708 518 
3786 668 735 670 
3787 2312 2463 2237 
3788 968 2441 965 
3789 1141 1142 1140 
3790 889 2293 891 
3791 2425 2479 1226 
3792 792 794 793 
3793 501 503 502 
3794 835 2414 938 
3795 2050 2630 2269 
3796 488 1453 1167 
3797 790 792 791 
3798 899 2478 897 
3799 1349 1646 1154 
3800 71 325 70 
3801 1259 2399 1568 
3802 1577 2503 1678 
3803 630 662 629 
3804 838 2341 839 
3805 200 289 199 
3806 585 1174 727 
3807 857 864 863 
3808 1332 1700 1699 
3809 48 300 47 
3810 557 599 543 
3811 729 2394 1462 
3812 786 788 787 
3813 1368 2399 1019 
3814 1287 1458 1288 
3815 1479 2483 1478 
3816 530 2430 533 
3817 152 301 151 
3818 1025 1026 1024 
3819 1314 2416 1368 
3820 904 2450 992 
3821 1288 2377 1107 
3822 461 462 460 
3823 971 2448 782 
3824 765 2452 764 
3825 882 2477 876 
3826 845 847 846 
3827 2388 2463 2312 
3828 1130 2494 1076 
3829 574 2445 573 
3830 1279 2377 1470 
3831 755 2471 753 
3832 1401 2373 987 
3833 1339 1593 1591 
3834 635 2457 664 
3835 992 2374 1088 
3836 477 2433 474 
3837 1750 1751 1581 
3838 938 2414 2357 
3839 1066 1472 1064 
3840 1746 1786 1528 
3841 70 2393 69 
3842 856 860 817 
3843 247 2001 276 
3844 962 1045 964 
3845 530 533 532 
3846 2157 2493 1433 
3847 875 879 878 
3848 459 460 453 
3849 836 837 835 
3850 1830 1831 1647 
3851 753 2471 1291 
3852 1830 1832 1831 
3853 934 950 932 
3854 2285 2547 1351 
3855 204 299 203 
3856 936 2432 933 
3857 1143 1277 1142 
3858 1204 2467 1405 
3859 804 808 803 
3860 1164 1176 1165 
3861 440 441 439 
3862 2446 2489 1634 
3863 832 833 831 
3864 537 538 534 
3865 839 841 840 
3866 1426 2354 1708 
3867 1222 1272 1221 
3868 1352 2185 1689 
3869 1474 2521 2015 
3870 1627 2463 2388 
3871 1138 2502 1121 
3872 515 517 516 
3873 933 2432 934 
3874 563 2489 2446 
3875 848 849 847 
3876 2096 2520 2387 
3877 1318 1494 1176 
3878 747 2453 739 
3879 838 839 837 
3880 1040 1042 1041 
3881 1066 1473 1472 
3882 589 2360 586 
3883 892 2477 882 
3884 1273 1665 1483 
3885 957 958 956 
3886 955 956 954 
3887 1102 2428 1105 
3888 96 287 95 
3889 934 951 950 
3890 1573 2490 1403 
3891 524 598 522 
3892 517 519 518 
3893 530 532 528 
3894 1208 1209 1001 
3895 565 2519 562 
3896 616 617 609 
3897 721 723 722 
3898 2124 2595 2125 
3899 1174 2462 1416 
3900 1648 2554 1480 
3901 1161 2404 1164 
3902 1473 1757 1738 
3903 1476 1662 1509 
3904 1136 2456 1134 
3905 481 488 480 
3906 1572 1573 1403 
3907 1639 2521 2508 
3908 2663 2665 598 
3909 843 2438 841 
3910 1549 1550 1414 
3911 2025 2473 2024 
3912 729 1046 667 
3913 1286 2471 755 
3914 1515 1516 1441 
3915 528 2485 526 
3916 730 731 675 
3917 879 884 878 
3918 1249 1575 1574 
3919 1469 1482 1468 
3920 1196 1370 1369 
3921 2041 2517 2048 
3922 844 2415 845 
3923 850 851 849 
3924 2348 2515 606 
3925 1473 1738 1472 
3926 2400 2401 662 
3927 1832 1833 1831 
3928 2463 2512 2238 
3929 198 1927 197 
3930 1269 1468 1136 
3931 1433 2493 1147 
3932 571 2429 569 
3933 250 2102 339 
3934 450 451 448 
3935 452 453 451 
3936 612 2429 571 
3937 1416 1650 1497 
3938 894 2476 881 
3939 604 2240 602 
3940 447 448 446 
3941 1073 2549 1305 
3942 1192 1210 1208 
3943 1446 2500 1632 
3944 288 2010 2009 
3945 1039 1329 1037 
3946 1341 1396 278 
3947 725 1038 1037 
3948 808 2484 1155 
3949 853 854 851 
3950 708 2670 2088 
3951 1157 1356 1228 
3952 1371 1414 1212 
3953 1171 2530 1339 
3954 1472 2452 1064 
3955 1463 2157 1433 
3956 1248 2186 1247 
3957 1117 2415 844 
3958 373 2449 456 
3959 1732 2431 1092 
3960 986 994 892 
3961 1176 1177 1165 
3962 1268 2186 1248 
3963 248 2232 2001 
3964 488 1166 480 
3965 445 446 444 
3966 809 817 808 
3967 100 298 99 
3968 315 1977 1976 
3969 723 725 724 
3970 957 1192 1001 
3971 578 579 577 
3972 1642 2401 2400 
3973 2347 2456 2437 
3974 1174 1416 727 
3975 1214 1221 1213 
3976 1464 2486 2334 
3977 611 2509 604 
3978 784 2448 865 
3979 871 2488 870 
3980 1015 2441 968 
3981 1164 2404 1318 
3982 782 2448 784 
3983 784 786 785 
3984 1561 2435 1550 
3985 1582 1583 1256 
3986 1119 2502 1614 
3987 833 835 834 
3988 1483 1642 1132 
3989 1191 1344 1343 
3990 2293 2514 891 
3991 1540 2551 1260 
3992 1222 2408 1272 
3993 1121 2502 1119 
3994 639 667 640 
3995 1228 1506 1158 
3996 1105 2428 1287 
3997 2394 2570 1462 
3998 764 2452 1332 
3999 1331 2453 747 
4000 371 2449 373 
4001 866 869 861 
4002 1639 2535 2340 
4003 2377 2504 1470 
4004 505 2228 483 
4005 2397 2486 1464 
4006 1209 2350 1001 
4007 1346 1531 1355 
4008 721 2445 1481 
4009 760 2529 757 
4010 1066 2431 1473 
4011 2400 2454 1642 
4012 618 2542 609 
4013 504 2449 371 
4014 585 727 583 
4015 577 2445 574 
4016 1455 1456 1454 
4017 1930 2187 1510 
4018 1287 2428 1475 
4019 623 2487 622 
4020 1177 1180 1179 
4021 1001 2350 958 
4022 998 999 996 
4023 776 2434 773 
4024 2432 2545 934 
4025 664 1030 1029 
4026 583 2480 580 
4027 993 2103 991 
4028 507 1225 1224 
4029 1638 2533 1018 
4030 1635 2497 2054 
4031 1197 1199 1198 
4032 1324 2210 2209 
4033 2013 2511 2165 
4034 952 1491 950 
4035 2183 2606 2559 
4036 199 2536 198 
4037 1038 1039 1037 
4038 100 1997 298 
4039 1742 2161 1373 
4040 1083 2516 1085 
4041 1134 2456 2347 
4042 741 2204 666 
4043 561 2486 2397 
4044 667 2482 668 
4045 1180 2495 1320 
4046 1959 2632 1491 
4047 1057 2499 733 
4048 987 2450 902 
4049 442 444 441 
4050 1614 2415 1117 
4051 597 601 592 
4052 1186 1190 1188 
4053 1468 2456 1136 
4054 837 2414 835 
4055 1434 1463 1433 
4056 818 856 817 
4057 1919 2531 1399 
4058 50 347 49 
4059 1638 2567 2533 
4060 1288 2504 2377 
4061 1123 2467 1126 
4062 1147 2493 1145 
4063 908 1004 1003 
4064 471 472 468 
4065 674 2370 730 
4066 870 954 863 
4067 533 534 532 
4068 1497 2480 727 
4069 1154 2432 936 
4070 2134 2500 1446 
4071 2510 2517 2043 
4072 1007 1284 909 
4073 735 1196 736 
4074 773 775 771 
4075 606 2515 514 
4076 1317 2408 1222 
4077 725 1037 1036 
4078 2011 2012 2009 
4079 484 489 487 
4080 1189 2522 1431 
4081 1319 2412 1190 
4082 2045 2510 2043 
4083 1306 2508 1474 
4084 1273 1483 1132 
4085 615 1501 601 
4086 480 2433 477 
4087 517 518 516 
4088 1126 2467 1204 
4089 1481 2565 2506 
4090 1453 1454 1167 
4091 2043 2517 2041 
4092 1917 2527 1488 
4093 1364 1521 1363 
4094 870 955 954 
4095 951 2545 1034 
4096 1459 2504 1288 
4097 364 2491 224 
4098 1465 2533 2389 
4099 1213 1342 1041 
4100 1167 1803 1166 
4101 580 2480 579 
4102 1345 1379 1238 
4103 908 2514 1004 
4104 1140 1633 1138 
4105 511 2421 1159 
4106 561 2519 2486 
4107 720 2563 534 
4108 1370 1697 1696 
4109 851 852 849 
4110 857 863 856 
4111 1997 1998 298 
4112 875 878 873 
4113 562 2519 561 
4114 2262 2612 2261 
4115 462 465 460 
4116 1556 1557 1482 
4117 631 2465 656 
4118 1610 2441 1015 
4119 2374 2461 1364 
4120 1179 2522 1189 
4121 256 297 255 
4122 1853 1888 1854 
4123 1008 2490 2006 
4124 1436 2521 1639 
4125 902 2450 904 
4126 573 2445 721 
4127 1469 1556 1482 
4128 2340 2535 1648 
4129 726 1618 637 
4130 673 2204 1059 
4131 1610 2585 2147 
4132 2183 2559 2542 
4133 1575 1576 1574 
4134 2369 2533 1465 
4135 668 2482 735 
4136 674 730 675 
4137 1633 2502 1138 
4138 860 2484 817 
4139 1579 1750 1581 
4140 955 957 956 
4141 592 2474 589 
4142 2466 2475 1620 
4143 2519 2553 1640 
4144 602 615 601 
4145 1032 2526 1153 
4146 998 1010 1000 
4147 2293 2556 2514 
4148 2019 2512 1627 
4149 1228 1507 1506 
4150 1627 2512 2463 
4151 903 2478 899 
4152 955 2488 2317 
4153 864 870 863 
4154 1470 2504 1846 
4155 2009 2439 2008 
4156 501 1035 503 
4157 727 2480 583 
4158 1192 1208 1001 
4159 1456 1457 1454 
4160 1763 1764 1557 
4161 1225 1346 1336 
4162 1277 1399 1142 
4163 1765 1766 1764 
4164 1684 1733 1521 
4165 2403 2520 1794 
4166 995 997 996 
4167 1583 2548 1256 
4168 2182 2542 618 
4169 227 323 226 
4170 1277 1499 1399 
4171 1370 1696 1369 
4172 1518 2470 1441 
4173 516 2421 513 
4174 957 1001 958 
4175 2012 2439 2009 
4176 1076 1328 1077 
4177 1185 2525 1187 
4178 1275 1668 1274 
4179 1640 2553 1487 
4180 730 1076 731 
4181 1656 2408 1317 
4182 1339 2530 1593 
4183 2581 2599 1160 
4184 1667 2619 2575 
4185 1191 2412 1344 
4186 2049 2621 2584 
4187 1499 1918 1399 
4188 2210 2464 2209 
4189 1156 2477 892 
4190 617 619 618 
4191 1184 1186 1185 
4192 604 2509 2240 
4193 1249 2588 1575 
4194 1516 1518 1441 
4195 1343 1532 1218 
4196 1607 2373 1401 
4197 1646 2432 1154 
4198 1594 2458 1434 
4199 1481 2506 723 
4200 1040 1041 1039 
4201 1087 1325 1026 
4202 1294 2529 760 
4203 1467 2551 2539 
4204 629 2509 611 
4205 716 2584 714 
4206 994 1156 892 
4207 2373 2450 987 
4208 1351 2547 1722 
4209 930 2434 776 
4210 769 1391 279 
4211 1305 2535 2508 
4212 474 2496 471 
4213 1166 2433 480 
4214 902 903 899 
4215 532 2485 528 
4216 2437 2558 489 
4217 1010 1011 1000 
4218 488 1167 1166 
4219 1281 2573 1294 
4220 1210 1274 1208 
4221 725 2506 1038 
4222 119 1382 118 
4223 1077 2538 1079 
4224 1371 2481 1549 
4225 1531 1680 1679 
4226 602 2240 615 
4227 902 904 903 
4228 619 620 618 
4229 1311 1512 1511 
4230 871 2544 2488 
4231 662 1169 1168 
4232 901 902 899 
4233 1643 1644 1570 
4234 2010 2011 2009 
4235 1560 1561 1550 
4236 1534 1767 1711 
4237 662 1168 629 
4238 1754 1768 1547 
4239 622 2487 674 
4240 847 2528 972 
4241 1311 2516 1512 
4242 1234 1548 1544 
4243 2514 2556 1477 
4244 912 2534 1471 
4245 315 1976 21 
4246 1182 1184 1183 
4247 1018 2533 2369 
4248 1180 1181 1179 
4249 1591 1592 1340 
4250 972 2608 846 
4251 2508 2535 1639 
4252 1646 2545 2432 
4253 1665 1667 1483 
4254 198 2536 1927 
4255 1191 1218 1188 
4256 662 2401 1169 
4257 1344 1681 1343 
4258 1528 2507 1456 
4259 2549 2554 1648 
4260 950 2505 932 
4261 1190 1191 1188 
4262 1332 2546 1700 
4263 856 2518 860 
4264 1582 1761 1583 
4265 992 1088 993 
4266 1556 1763 1557 
4267 289 2536 199 
4268 1431 1643 1570 
4269 1011 1024 1023 
4270 146 343 145 
4271 1042 2650 1214 
4272 1328 2538 1077 
4273 896 900 884 
4274 1042 1213 1041 
4275 1637 2579 1638 
4276 817 2484 808 
4277 1549 1560 1550 
4278 2553 2561 1487 
4279 1494 2495 1176 
4280 951 952 950 
4281 1339 1340 1172 
4282 2533 2567 2389 
4283 1011 1023 1000 
4284 1075 2549 1073 
4285 1668 1702 1274 
4286 1927 2536 1929 
4287 998 1000 999 
4288 152 2492 301 
4289 716 2623 2584 
4290 1133 2556 2293 
4291 951 995 952 
4292 1004 1053 1003 
4293 149 2557 148 
4294 1169 1170 1168 
4295 728 2579 2419 
4296 1765 1785 1766 
4297 2433 2496 474 
4298 617 618 609 
4299 997 998 996 
4300 932 2505 930 
4301 1157 1158 1156 
4302 1190 2412 1191 
4303 1234 1235 1201 
4304 288 2009 2008 
4305 1180 1182 1181 
4306 1485 2596 1649 
4307 1324 2211 2210 
4308 174 2524 173 
4309 589 2474 2360 
4310 2148 2569 1101 
4311 1611 2585 1610 
4312 1763 1765 1764 
4313 1272 1694 1687 
4314 2578 2605 869 
4315 1260 2551 1467 
4316 1970 2571 1459 
4317 989 2581 1160 
4318 1498 2640 2032 
4319 1059 1061 1060 
4320 1176 2495 1177 
4321 1196 1197 736 
4322 1175 2561 2429 
4323 372 469 370 
4324 1480 2554 1589 
4325 2359 2553 565 
4326 1562 1563 1457 
4327 1196 1369 1197 
4328 1191 1343 1218 
4329 1467 2539 2440 
4330 1472 2546 2452 
4331 1024 1326 1023 
4332 1187 2589 1183 
4333 1456 1562 1457 
4334 288 2008 147 
4335 2452 2546 1332 
4336 2582 2618 868 
4337 773 2434 775 
4338 954 2518 863 
4339 2462 2513 1416 
4340 1036 2609 724 
4341 2267 2612 1432 
4342 1061 1248 1247 
4343 1046 2482 667 
4344 1079 2538 1324 
4345 870 2488 955 
4346 1431 2522 1643 
4347 223 2491 1384 
4348 1174 2598 2462 
4349 34 2627 33 
4350 2649 2651 1670 
4351 121 362 120 
4352 724 2601 722 
4353 1320 2562 2469 
4354 1186 1188 1185 
4355 1171 1172 1170 
4356 934 2545 951 
4357 1088 1089 993 
4358 601 2474 592 
4359 1039 2537 1329 
4360 1184 1185 1183 
4361 2126 2606 2183 
4362 1177 2495 1180 
4363 728 2621 2579 
4364 1244 2540 1285 
4365 723 2506 725 
4366 1091 1345 1238 
4367 1645 2581 2378 
4368 994 1157 1156 
4369 2378 2581 945 
4370 1267 1578 1268 
4371 17 366 16 
4372 1738 2546 1472 
4373 368 1392 277 
4374 1668 1802 1702 
4375 1519 1651 1518 
4376 175 326 174 
4377 1575 2635 1577 
4378 2359 2561 2553 
4379 1169 1171 1170 
4380 325 2393 70 
4381 2587 2591 2552 
4382 891 2514 908 
4383 1501 2474 601 
4384 1272 1687 1221 
4385 1560 1734 1561 
4386 1356 2523 1228 
4387 2575 2619 1173 
4388 1516 1519 1518 
4389 347 2180 49 
4390 1786 2507 1528 
4391 2596 2601 1649 
4392 1416 2513 1650 
4393 1182 1183 1181 
4394 1434 2458 1463 
4395 471 2496 472 
4396 282 2580 32 
4397 2558 2587 489 
4398 1326 1520 1476 
4399 1256 2548 1046 
4400 1468 2558 2456 
4401 1697 1760 1696 
4402 1370 2568 1697 
4403 1168 2509 629 
4404 930 2505 2434 
4405 1339 1591 1340 
4406 1398 2573 1281 
4407 1544 1545 1235 
4408 1591 1745 1592 
4409 852 2528 849 
4410 1026 2532 1024 
4411 1482 2558 1468 
4412 557 2559 599 
4413 1171 1339 1172 
4414 1142 2531 1140 
4415 1399 2531 1142 
4416 2522 2589 1643 
4417 1088 1363 1089 
4418 2456 2558 2437 
4419 1879 1956 1877 
4420 771 2590 769 
4421 1553 2577 1398 
4422 1004 1239 1053 
4423 866 2578 869 
4424 2206 2628 1612 
4425 1346 1590 1531 
4426 1495 2624 2608 
4427 2252 2615 2253 
4428 863 2518 856 
4429 1583 2568 2548 
4430 173 363 172 
4431 594 2559 557 
4432 995 996 952 
4433 1181 2522 1179 
4434 849 2528 847 
4435 205 2420 204 
4436 1196 2543 1370 
4437 873 2544 871 
4438 1157 1228 1158 
4439 1842 1847 1397 
4440 32 2580 31 
4441 1342 2537 1041 
4442 1130 2654 2494 
4443 1831 2594 1647 
4444 1614 2582 2146 
4445 507 1358 1225 
4446 1496 2597 1170 
4447 543 2603 538 
4448 1602 2610 2000 
4449 1076 2494 1328 
4450 2611 2615 2351 
4451 1289 2613 1067 
4452 577 2564 2445 
4453 2564 2565 1481 
4454 2429 2561 2359 
4455 1024 2532 1326 
4456 1548 1691 1544 
4457 171 2541 1383 
4458 288 2557 2010 
4459 1846 2571 2362 
4460 1181 2589 2522 
4461 1308 2611 2351 
4462 659 2611 1308 
4463 2477 2578 876 
4464 501 2552 1035 
4465 1478 1686 1239 
4466 1112 2611 743 
4467 2389 2567 2159 
4468 1140 2531 1633 
4469 876 2578 866 
4470 1218 2525 1188 
4471 1075 2554 2549 
4472 489 2552 487 
4473 878 2544 873 
4474 1245 1365 1354 
4475 1677 1824 1576 
4476 489 2587 2552 
4477 487 2552 501 
4478 1459 2571 2504 
4479 534 2563 532 
4480 2504 2571 1846 
4481 1345 1730 1536 
4482 2509 2597 2240 
4483 1324 2538 2211 
4484 735 2543 1196 
4485 2470 2604 726 
4486 2419 2579 1637 
4487 2348 2620 2515 
4488 1512 1661 1511 
4489 2445 2564 1481 
4490 1491 2632 2505 
4491 1918 2643 1919 
4492 2542 2559 594 
4493 1326 2532 1520 
4494 724 2609 2601 
4495 1456 2507 1562 
4496 1519 1652 1651 
4497 2482 2548 2543 
4498 1041 2537 1039 
4499 579 2564 577 
4500 945 2581 989 
4501 2049 2623 2050 
4502 1645 2599 2581 
4503 2196 2578 2477 
4504 1035 2574 503 
4505 148 2557 288 
4506 2482 2543 735 
4507 1325 2532 1026 
4508 1234 2566 1548 
4509 1046 2548 2482 
4510 1398 2577 2573 
4511 120 2498 119 
4512 532 2563 2485 
4513 714 2584 728 
4514 1199 1234 1201 
4515 1318 2616 1495 
4516 1493 2599 1645 
4517 2051 2621 2046 
4518 1906 2585 1611 
4519 223 1384 222 
4520 339 2232 249 
4521 2438 2624 953 
4522 2370 2642 1130 
4523 1545 1754 1547 
4524 1228 2523 1507 
4525 69 2393 365 
4526 1188 2525 1185 
4527 1061 1249 1248 
4528 2548 2568 2543 
4529 1249 1267 1248 
4530 2579 2621 2051 
4531 1388 1759 1756 
4532 1101 2569 2428 
4533 1482 2587 2558 
4534 2591 2607 1035 
4535 2196 2605 2578 
4536 1345 1536 1379 
4537 354 1901 1897 
4538 2584 2623 2049 
4539 627 2570 2394 
4540 853 2629 855 
4541 1175 2596 2561 
4542 154 352 153 
4543 1249 1574 1267 
4544 1381 1780 1683 
4545 1677 1829 1824 
4546 2128 2595 2124 
4547 1053 2583 1055 
4548 1168 2597 2509 
4549 1764 2591 1557 
4550 204 2420 299 
4551 2515 2620 2255 
4552 2401 2575 1173 
4553 1487 2596 1485 
4554 2561 2596 1487 
4555 258 344 257 
4556 726 2604 1618 
4557 2030 2637 1492 
4558 1901 1902 1897 
4559 150 360 149 
4560 2474 2598 2360 
4561 1089 2555 1091 
4562 1518 2604 2470 
4563 1647 2594 1646 
4564 2502 2582 1614 
4565 2428 2569 1475 
4566 1483 2575 1642 
4567 1557 2587 1482 
4568 1764 2607 2591 
4569 324 2720 2717 
4570 1919 2618 2531 
4571 2545 2594 1034 
4572 2564 2600 2565 
4573 503 2574 507 
4574 1646 2594 2545 
4575 206 361 205 
4576 1667 2575 1483 
4577 172 2541 171 
4578 2360 2598 1174 
4579 1478 2483 1690 
4580 1234 1544 1235 
4581 775 2590 771 
4582 1175 2601 2596 
4583 806 2633 812 
4584 1660 2645 1484 
4585 807 2631 800 
4586 1642 2575 2401 
4587 85 2659 285 
4588 1091 2555 1345 
4589 538 2603 720 
4590 722 2601 1175 
4591 1561 2655 2651 
4592 2623 2630 2050 
4593 1501 2598 2474 
4594 2261 2612 2267 
4595 1369 2566 1197 
4596 1508 2605 2196 
4597 1363 2555 1089 
4598 579 2600 2564 
4599 1055 2576 1245 
4600 1160 2599 2404 
4601 1633 2582 2502 
4602 1197 2566 1199 
4603 1730 1778 1536 
4604 2634 2648 2153 
4605 1497 2600 2480 
4606 173 2524 363 
4607 1650 2646 2639 
4608 2616 2624 1495 
4609 15 1386 14 
4610 769 2590 1391 
4611 102 341 101 
4612 1239 2583 1053 
4613 1346 2586 1590 
4614 2543 2568 1370 
4615 2552 2591 1035 
4616 1267 2572 1578 
4617 1557 2591 2587 
4618 1170 2597 1168 
4619 1183 2589 1181 
4620 352 2492 153 
4621 1345 2555 1730 
4622 507 2574 1358 
4623 1478 1690 1686 
4624 326 2524 174 
4625 1833 2634 1831 
4626 370 2602 368 
4627 1040 2646 1042 
4628 2480 2600 579 
4629 2204 2588 1059 
4630 2601 2609 1649 
4631 1574 2572 1267 
4632 1225 2586 1346 
4633 1651 2604 1518 
4634 1493 2616 2599 
4635 341 1997 101 
4636 1995 2610 1602 
4637 1686 2583 1239 
4638 1358 2586 1225 
4639 1034 2634 2153 
4640 878 2626 2544 
4641 900 2640 2626 
4642 1055 2583 2576 
4643 795 2647 798 
4644 743 2611 659 
4645 2418 2647 795 
4646 1245 2576 1365 
4647 846 2608 2438 
4648 900 2626 884 
4649 68 2278 67 
4650 2000 2613 1289 
4651 1649 2609 2416 
4652 31 356 30 
4653 2531 2618 1633 
4654 1766 2607 1764 
4655 1199 2566 1234 
4656 972 2636 2608 
4657 2351 2615 2252 
4658 1877 2592 1875 
4659 2095 2644 2030 
4660 2605 2674 869 
4661 362 2498 120 
4662 1650 2639 1497 
4663 1035 2607 2574 
4664 1583 2617 2568 
4665 469 2602 370 
4666 1379 2593 1381 
4667 119 2498 1382 
4668 365 2278 68 
4669 1059 2588 1061 
4670 1061 2588 1249 
4671 2605 2679 2674 
4672 2599 2616 2404 
4673 360 2557 149 
4674 2544 2626 2318 
4675 1536 2593 1379 
4676 2505 2632 2434 
4677 2404 2616 1318 
4678 1308 2620 2348 
4679 1919 2643 2629 
4680 1173 2619 2530 
4681 2568 2617 1697 
4682 2390 2652 1475 
4683 1475 2652 1458 
4684 1496 2622 2597 
4685 1187 2614 2589 
4686 1654 2678 1655 
4687 67 2278 1385 
4688 2588 2635 1575 
4689 953 2624 1493 
4690 1381 2593 1780 
4691 1369 2625 2566 
4692 1495 2636 1494 
4693 2597 2622 2240 
4694 1985 2657 1984 
4695 1643 2614 1644 
4696 363 2541 172 
4697 1956 2592 1877 
4698 2240 2622 615 
4699 1972 2653 2614 
4700 1761 2617 1583 
4701 2440 2623 716 
4702 1831 2634 2594 
4703 361 2420 205 
4704 1696 2625 1369 
4705 1612 2628 1905 
4706 1493 2624 2616 
4707 884 2626 878 
4708 1561 2651 2435 
4709 2566 2625 1548 
4710 868 2629 853 
4711 2658 2690 1659 
4712 1633 2618 2582 
4713 800 2631 802 
4714 368 2602 1392 
4715 1506 2681 1508 
4716 2708 2710 282 
4717 2604 2642 1618 
4718 2589 2614 1643 
4719 33 2627 282 
4720 2639 2646 1315 
4721 1905 2647 2418 
4722 2675 2677 1657 
4723 2204 2635 2588 
4724 2626 2640 2318 
4725 1508 2681 2679 
4726 2584 2621 728 
4727 2440 2630 2623 
4728 802 2633 806 
4729 1655 2664 1959 
4730 2640 2649 2032 
4731 1205 2658 1361 
4732 2631 2633 802 
4733 2088 2670 2087 
4734 31 2580 356 
4735 2434 2632 775 
4736 2539 2630 2440 
4737 1497 2639 2600 
4738 741 2635 2204 
4739 1492 2637 1615 
4740 1921 2716 2715 
4741 2202 2641 1500 
4742 2153 2648 2073 
4743 1618 2642 2370 
4744 1503 2670 2133 
4745 2030 2667 2637 
4746 2318 2640 1498 
4747 2594 2634 1034 
4748 2600 2639 2565 
4749 2608 2636 1495 
4750 2164 2644 2095 
4751 852 2677 2675 
4752 1508 2679 2605 
4753 1494 2636 2562 
4754 2629 2643 855 
4755 1484 2645 2202 
4756 1651 2642 2604 
4757 2642 2654 1130 
4758 2132 2665 2129 
4759 1507 2686 1506 
4760 2528 2660 972 
4761 2133 2671 598 
4762 1660 2680 2645 
4763 1507 2689 2686 
4764 812 2667 813 
4765 2565 2639 1315 
4766 1315 2646 1040 
4767 2646 2650 1042 
4768 2485 2663 526 
4769 2131 2665 2663 
4770 2688 2692 2276 
4771 524 2663 598 
4772 2651 2655 1670 
4773 798 2647 807 
4774 2276 2692 1466 
4775 2614 2653 1644 
4776 86 2659 85 
4777 1504 2675 1657 
4778 1918 2666 880 
4779 520 2671 708 
4780 2436 2651 2649 
4781 2435 2651 2436 
4782 2131 2663 2485 
4783 2436 2649 900 
4784 1506 2686 2681 
4785 852 2675 2668 
4786 2705 2707 1977 
4787 2532 2656 1520 
4788 598 2671 522 
4789 819 2676 820 
4790 869 2672 861 
4791 2574 2638 1358 
4792 972 2660 2636 
4793 2607 2638 2574 
4794 2627 2708 282 
4795 1670 2655 1669 
4796 518 2669 516 
4797 2513 2650 1650 
4798 1766 2638 2607 
4799 282 2710 2580 
4800 828 2680 829 
4801 1458 2652 1851 
4802 900 2649 2640 
4803 2528 2668 2660 
4804 2598 2661 2462 
4805 2622 2662 615 
4806 851 2677 852 
4807 1644 2653 2083 
4808 2202 2683 2641 
4809 2710 2711 2580 
4810 2637 2667 812 
4811 1650 2650 2646 
4812 1660 2688 2680 
4813 1328 2673 2538 
4814 2636 2660 2562 
4815 823 2683 824 
4816 2462 2661 1422 
4817 1651 2654 2642 
4818 852 2668 2528 
4819 2632 2664 775 
4820 1466 2692 2690 
4821 2275 2688 2276 
4822 1734 2655 1561 
4823 2696 2699 333 
4824 1592 2691 1340 
4825 2659 2701 285 
4826 1652 2654 1651 
4827 1466 2690 1206 
4828 2622 2682 2662 
4829 1984 2657 1987 
4830 1505 2682 1656 
4831 2682 2685 1656 
4832 2164 2676 2644 
4833 1206 2658 1205 
4834 1340 2685 1172 
4835 2644 2676 819 
4836 1325 2656 2532 
4837 2711 2713 356 
4838 1655 2678 2664 
4839 1959 2664 2632 
4840 1661 2702 2699 
4841 2645 2680 828 
4842 2694 2695 1694 
4843 2077 2666 1499 
4844 615 2662 1501 
4845 526 2663 524 
4846 1272 2694 1694 
4847 1592 2694 2691 
4848 2562 2660 2469 
4849 1499 2666 1918 
4850 1501 2662 2661 
4851 2129 2665 2131 
4852 2580 2711 356 
4853 2641 2683 823 
4854 2668 2675 2141 
4855 1501 2661 2598 
4856 813 2667 819 
4857 285 2706 2195 
4858 1513 2693 1514 
4859 1662 2700 2698 
4860 1514 2687 2088 
4861 775 2664 2590 
4862 1340 2691 2685 
4863 2660 2668 2469 
4864 2087 2670 1503 
4865 522 2671 520 
4866 2701 2706 285 
4867 1922 2721 1921 
4868 1657 2674 1502 
4869 2469 2668 2141 
4870 516 2669 2421 
4871 1390 2712 1979 
4872 861 2672 854 
4873 2141 2675 1504 
4874 356 2713 2225 
4875 2538 2673 2211 
4876 869 2674 2672 
4877 2672 2677 854 
4878 820 2676 823 
4879 854 2677 851 
4880 1657 2677 2672 
4881 1502 2679 1319 
4882 2662 2682 1505 
4883 829 2680 832 
4884 2674 2679 1502 
4885 1514 2693 2687 
4886 2657 2718 1987 
4887 2679 2681 1319 
4888 2664 2678 2590 
4889 2590 2678 1391 
4890 1660 2692 2688 
4891 1662 2698 1509 
4892 2669 2687 2421 
4893 1319 2681 2412 
4894 2716 2721 2494 
4895 302 2704 24 
4896 22 2703 315 
4897 2088 2687 2669 
4898 1496 2685 2682 
4899 824 2683 828 
4900 2680 2688 832 
4901 26 2719 25 
4902 2712 2720 1979 
4903 2681 2686 2412 
4904 1172 2685 1496 
4905 2686 2689 1344 
4906 87 2700 86 
4907 35 2702 34 
4908 2412 2686 1344 
4909 1513 2696 2693 
4910 832 2688 2275 
4911 1661 2699 1511 
4912 2421 2687 1159 
4913 2672 2674 1657 
4914 1659 2690 1658 
4915 2690 2692 1658 
4916 1390 2705 1200 
4917 1496 2682 2622 
4918 1344 2689 1681 
4919 1658 2692 1660 
4920 1656 2691 2408 
4921 1476 2701 1662 
4922 2685 2691 1656 
4923 1592 2695 2694 
4924 1159 2693 2444 
4925 2691 2694 2408 
4926 2408 2694 1272 
4927 2687 2693 1159 
4928 2655 2684 1669 
4929 1654 2698 2697 
4930 1734 2684 2655 
4931 1546 2712 1235 
4932 1654 2697 2678 
4933 1745 2695 1592 
4934 1201 2712 1390 
4935 1976 2707 1978 
4936 1515 2709 1516 
4937 1662 2701 2659 
4938 366 2717 2028 
4939 1921 2715 1920 
4940 324 2717 18 
4941 2699 2702 333 
4942 1328 2721 2673 
4943 1087 2718 1325 
4944 17 2717 366 
4945 1519 2714 1652 
4946 1512 2708 1661 
4947 2715 2716 1652 
4948 2698 2700 332 
4949 2444 2696 1849 
4950 1391 2697 1952 
4951 2693 2696 2444 
4952 1661 2708 2627 
4953 2717 2720 2028 
4954 1513 2699 2696 
4955 1325 2718 2657 
4956 2654 2716 2494 
4957 2673 2721 1922 
4958 1509 2698 1654 
4959 2678 2697 1391 
4960 332 2700 87 
4961 1511 2699 1513 
4962 333 2702 35 
4963 1520 2701 1476 
4964 2223 2705 1977 
4965 23 2703 22 
4966 1520 2706 2701 
4967 1410 2705 2223 
4968 24 2704 23 
4969 23 2704 2703 
4970 1839 2719 2714 
4971 1200 2705 1410 
4972 1920 2715 353 
4973 2714 2719 353 
4974 1977 2707 1976 
4975 2656 2706 1520 
4976 1653 2709 1515 
4977 2464 2710 2708 
4978 2464 2708 1512 
4979 2210 2710 2464 
4980 1235 2712 1201 
4981 2211 2711 2210 
4982 2210 2711 2710 
4983 18 2717 17 
4984 1839 2714 1519 
4985 2211 2713 2711 
4986 2028 2720 1546 
4987 2714 2715 1652 
4988 1220 2718 1087 
4989 353 2719 26 
4990 1979 2720 324 
4991 1652 2716 2654 
4992 2673 2713 2211 
4993 2494 2721 1328 
4994 353 2715 2714 
4995 1908 2722 1907 
4996 1367 2723 1740 
4997 1333 2723 1236 
4998 1907 2722 304 
4999 2235 2724 1360 
5000 1777 2958 299 
5001 1993 2853 1356 
5002 1236 2723 1367 
5003 313 2998 1790 
5004 2503 2821 1678 
5005 98 2725 357 
5006 298 2725 99 
5007 1799 2727 1376 
5008 11 2771 1096 
5009 1360 2724 1420 
5010 498 2912 1783 
5011 2072 2773 2070 
5012 1213 2728 1342 
5013 1687 2728 1221 
5014 191 2729 190 
5015 1731 2730 1220 
5016 2718 2730 1987 
5017 106 2731 105 
5018 1049 2775 2174 
5019 1767 2729 1711 
5020 359 2958 1777 
5021 99 2725 98 
5022 1532 2979 2136 
5023 1702 2950 1944 
5024 1783 2726 1782 
5025 322 2768 1804 
5026 1376 2727 1732 
5027 1231 2732 111 
5028 110 2732 327 
5029 2310 2951 1794 
5030 413 2733 419 
5031 1756 2851 1755 
5032 272 2781 2750 
5033 1233 2785 1911 
5034 1889 2758 1671 
5035 671 2734 665 
5036 741 2734 2503 
5037 1540 2948 2002 
5038 1221 2728 1213 
5039 1882 2740 1883 
5040 1814 2800 1150 
5041 292 2855 1802 
5042 1787 2934 322 
5043 335 2729 191 
5044 2200 2735 2109 
5045 1220 2730 2718 
5046 1676 2834 1803 
5047 319 2731 106 
5048 1794 2904 2310 
5049 2213 2736 763 
5050 737 2736 749 
5051 493 2892 2216 
5052 2090 2808 2782 
5053 2325 2880 2189 
5054 473 2737 2099 
5055 475 2737 470 
5056 1335 2738 2107 
5057 475 2937 1758 
5058 1581 2739 1695 
5059 328 2787 1916 
5060 1884 2740 1882 
5061 111 2732 110 
5062 1208 2741 1209 
5063 1702 2741 1274 
5064 1809 2840 304 
5065 1886 2858 1751 
5066 419 2733 455 
5067 2138 2747 2265 
5068 9 2748 367 
5069 194 2748 9 
5070 1857 2748 275 
5071 3 2749 508 
5072 5 2750 768 
5073 7 2751 1012 
5074 142 2751 7 
5075 90 2750 5 
5076 38 2749 3 
5077 665 2734 741 
5078 1948 2906 1903 
5079 312 2752 125 
5080 144 2827 1815 
5081 658 2753 762 
5082 636 2753 633 
5083 2109 2735 1688 
5084 1926 2754 345 
5085 158 2755 157 
5086 2310 2756 2309 
5087 1545 2757 1754 
5088 1691 2757 1544 
5089 1811 2997 2724 
5090 228 2758 1889 
5091 313 2758 229 
5092 416 2747 2331 
5093 1037 2759 1036 
5094 763 2736 737 
5095 1668 2760 1802 
5096 2684 2760 1669 
5097 1883 2740 1095 
5098 1361 2761 1348 
5099 2764 3007 1335 
5100 2207 2762 1622 
5101 1996 2826 2372 
5102 1141 2764 1335 
5103 1215 2764 1139 
5104 310 2765 259 
5105 258 2765 344 
5106 2501 2870 1736 
5107 1457 2766 1454 
5108 1167 2766 1803 
5109 109 2767 108 
5110 1941 2814 1691 
5111 1999 2786 1255 
5112 123 2768 322 
5113 470 2737 473 
5114 2107 2738 2058 
5115 326 2779 2524 
5116 1928 2763 1865 
5117 2862 2990 1598 
5118 1795 2845 306 
5119 1866 2972 1097 
5120 2304 2770 1720 
5121 1753 2770 1675 
5122 246 2771 11 
5123 1555 2761 2319 
5124 157 2772 156 
5125 2303 2740 1884 
5126 1751 2739 1581 
5127 2023 2887 2290 
5128 2288 2824 2298 
5129 465 2773 460 
5130 338 2931 2507 
5131 344 2825 1848 
5132 294 2774 1909 
5133 1771 2775 1701 
5134 2453 2775 1049 
5135 1801 2854 498 
5136 762 2798 2339 
5137 1274 2741 1208 
5138 1850 2776 1891 
5139 2873 2923 1684 
5140 1941 2871 317 
5141 494 2778 428 
5142 430 2778 433 
5143 1755 2779 1387 
5144 369 2780 504 
5145 2395 2781 1840 
5146 1723 2839 2769 
5147 1590 2783 1531 
5148 2072 2864 458 
5149 1608 2842 1950 
5150 2200 2808 2735 
5151 1899 2853 1993 
5152 2350 2784 960 
5153 962 2784 1045 
5154 449 2900 1830 
5155 490 2880 2325 
5156 268 2785 1233 
5157 1724 2785 269 
5158 1555 2836 2761 
5159 1694 2813 1687 
5160 1698 2747 2138 
5161 1255 2786 2121 
5162 275 2748 194 
5163 273 2749 38 
5164 272 2750 90 
5165 274 2751 142 
5166 508 2749 1554 
5167 768 2750 2395 
5168 1012 2751 1555 
5169 2684 2988 1953 
5170 1770 2910 1772 
5171 1579 2787 1750 
5172 1231 2810 2732 
5173 261 2789 260 
5174 1689 2790 1537 
5175 1688 2791 1538 
5176 2074 2792 1567 
5177 468 2793 464 
5178 301 2794 151 
5179 150 2794 360 
5180 1591 2795 1745 
5181 1569 2796 2145 
5182 1769 2796 1570 
5183 1830 2900 1832 
5184 219 2744 218 
5185 271 2743 270 
5186 167 2746 166 
5187 63 2745 62 
5188 115 2742 114 
5189 13 2743 12 
5190 117 2742 116 
5191 221 2744 220 
5192 65 2745 64 
5193 169 2746 168 
5194 2501 2987 1568 
5195 166 2746 1728 
5196 62 2745 1726 
5197 218 2744 1725 
5198 114 2742 1727 
5199 270 2743 1724 
5200 454 2902 1837 
5201 2011 3007 2764 
5202 300 2894 1800 
5203 1937 2805 1940 
5204 2173 2798 2170 
5205 320 2841 1824 
5206 125 2752 124 
5207 2481 2799 1549 
5208 1207 2800 1435 
5209 1150 2800 1148 
5210 1565 2801 1551 
5211 350 2901 1874 
5212 2117 2821 2459 
5213 1997 2802 1998 
5214 1784 2919 2207 
5215 1691 2871 1941 
5216 1677 2803 1829 
5217 633 2753 658 
5218 1950 2873 1608 
5219 1671 2850 1889 
5220 1900 2874 1573 
5221 1276 2805 2018 
5222 1409 2805 1937 
5223 2189 2963 2325 
5224 2586 2776 1590 
5225 1973 2830 1759 
5226 1673 2997 1811 
5227 448 2806 446 
5228 345 2754 1908 
5229 321 2755 158 
5230 2423 2918 1771 
5231 2309 2756 491 
5232 2735 2808 2090 
5233 1544 2757 1545 
5234 2479 2808 2201 
5235 2732 2810 1780 
5236 175 2809 326 
5237 229 2758 228 
5238 1861 2811 1858 
5239 2119 2813 284 
5240 499 2838 1823 
5241 1848 2882 344 
5242 2853 2925 1356 
5243 1329 2759 1037 
5244 331 2814 265 
5245 264 2814 1941 
5246 1693 2812 2108 
5247 1869 2815 1867 
5248 417 2970 2218 
5249 1812 2884 311 
5250 2780 2811 504 
5251 1864 2817 1860 
5252 358 2822 1948 
5253 2136 2822 2135 
5254 2752 2768 124 
5255 464 2823 462 
5256 1828 2824 2301 
5257 1093 2824 2288 
5258 1848 2825 1584 
5259 1582 2825 1761 
5260 1929 2763 1928 
5261 2058 2938 360 
5262 1674 2914 2733 
5263 116 2742 115 
5264 12 2743 271 
5265 220 2744 219 
5266 64 2745 63 
5267 168 2746 167 
5268 1992 2874 1899 
5269 145 2827 144 
5270 2871 2936 317 
5271 1785 2788 1766 
5272 636 2985 2753 
5273 1669 2760 1668 
5274 750 2828 1097 
5275 1780 2810 1683 
5276 1348 2761 2355 
5277 2576 2969 1965 
5278 1742 2820 2161 
5279 2137 2829 1215 
5280 1692 2829 1425 
5281 1229 2830 1973 
5282 2870 2964 1736 
5283 1622 2762 2081 
5284 1857 2780 2748 
5285 2431 2831 1779 
5286 1246 2763 2113 
5287 1232 2832 1890 
5288 1139 2764 1141 
5289 259 2765 258 
5290 2761 2836 2355 
5291 1454 2766 1167 
5292 1587 2833 1931 
5293 1803 2834 1166 
5294 2433 2834 2496 
5295 273 2782 2749 
5296 2749 2782 1554 
5297 1946 2835 1945 
5298 361 2837 2420 
5299 449 2838 441 
5300 439 2838 499 
5301 304 2840 232 
5302 1824 2841 1576 
5303 1574 2841 2572 
5304 1524 2975 2280 
5305 327 2767 109 
5306 2492 2930 301 
5307 1950 2842 1949 
5308 52 2843 311 
5309 366 2844 16 
5310 15 2844 1386 
5311 76 2845 75 
5312 1690 2890 1686 
5313 493 2846 393 
5314 395 2846 2363 
5315 1672 2819 2303 
5316 2089 2847 2090 
5317 1818 2971 314 
5318 124 2768 123 
5319 1863 2848 1861 
5320 2108 2849 1689 
5321 1566 2850 1671 
5322 1589 2896 2299 
5323 1864 2911 2139 
5324 407 2947 1822 
5325 1998 2786 1999 
5326 1896 2853 1899 
5327 387 2854 417 
5328 498 2854 385 
5329 348 2855 134 
5330 133 2855 292 
5331 1854 2856 1798 
5332 1969 2856 1968 
5333 1532 2857 1534 
5334 1810 2840 1809 
5335 1737 2859 1679 
5336 338 2861 78 
5337 77 2861 306 
5338 2586 2991 2776 
5339 352 2862 2492 
5340 2232 2863 2001 
5341 1675 2770 2304 
5342 2071 2864 2072 
5343 1833 2864 2648 
5344 376 2865 374 
5345 276 2771 246 
5346 2787 2944 1916 
5347 2746 2878 1728 
5348 2745 2877 1726 
5349 2744 2875 1725 
5350 2743 2876 1724 
5351 2742 2879 1727 
5352 156 2772 309 
5353 2176 2869 2173 
5354 2399 2870 1568 
5355 1723 2797 2371 
5356 1548 2871 1691 
5357 450 2872 452 
5358 2423 2872 457 
5359 2461 2873 1684 
5360 1608 2873 1607 
5361 2297 3003 2866 
5362 460 2773 453 
5363 1824 2986 320 
5364 2747 3005 2331 
5365 1898 2874 1900 
5366 1384 2875 222 
5367 1383 2878 170 
5368 1382 2879 118 
5369 1385 2877 66 
5370 1386 2876 14 
5371 1663 2880 1698 
5372 1740 2826 1603 
5373 1879 2881 1957 
5374 1881 2881 1878 
5375 256 2882 297 
5376 344 2882 257 
5377 311 2884 51 
5378 50 2884 347 
5379 41 2885 340 
5380 93 2886 342 
5381 2290 2887 1133 
5382 2556 2887 1479 
5383 2327 2888 494 
5384 1986 2774 294 
5385 2218 2892 2219 
5386 1392 2889 2085 
5387 2325 2963 412 
5388 1701 2775 2453 
5389 2090 2847 2735 
5390 350 2988 2901 
5391 75 2891 74 
5392 2215 2892 2218 
5393 355 2996 1800 
5394 413 2967 2733 
5395 1835 2899 454 
5396 2735 2847 1688 
5397 1541 2804 1784 
5398 2288 2896 1075 
5399 2554 2896 1589 
5400 1589 2897 1588 
5401 388 2899 2330 
5402 454 2899 390 
5403 2753 2985 2175 
5404 446 2900 444 
5405 1694 2909 2813 
5406 1891 2776 1892 
5407 392 2902 454 
5408 2305 2902 394 
5409 1699 2903 1770 
5410 2099 2893 1250 
5411 362 2777 2498 
5412 2731 2942 105 
5413 428 2778 430 
5414 1863 2883 2848 
5415 1961 2961 1962 
5416 1965 2890 321 
5417 1912 2956 1768 
5418 2523 2906 1507 
5419 43 2907 42 
5420 95 2908 94 
5421 2102 2839 339 
5422 1387 2779 1715 
5423 2371 2797 1276 
5424 367 2780 369 
5425 2290 2990 2023 
5426 452 2910 459 
5427 383 2912 498 
5428 411 2912 381 
5429 2729 2984 190 
5430 2530 2916 1593 
5431 1840 2781 1693 
5432 2729 2905 1711 
5433 456 2917 375 
5434 2090 2782 273 
5435 1554 2782 2479 
5436 1766 2788 2638 
5437 1531 2783 1680 
5438 1963 2895 1961 
5439 1975 2852 1964 
5440 1886 2920 1230 
5441 1683 2921 1682 
5442 2748 2780 367 
5443 1097 2972 2151 
5444 1843 2929 1844 
5445 1885 2926 1886 
5446 1933 2928 1934 
5447 1923 2927 1924 
5448 2057 2930 1706 
5449 71 2807 325 
5450 377 2932 379 
5451 1720 2804 1541 
5452 499 2933 437 
5453 434 2933 435 
5454 322 2934 122 
5455 121 2934 362 
5456 2067 3000 2074 
5457 230 2935 313 
5458 1760 2936 1696 
5459 435 2897 2365 
5460 2166 2937 463 
5461 467 2937 475 
5462 1733 2942 2731 
5463 2557 2938 2010 
5464 1708 2939 1815 
5465 2066 2940 2065 
5466 104 2942 307 
5467 2305 2975 2902 
5468 960 2784 962 
5469 1842 2945 1848 
5470 1819 2968 1900 
5471 406 2947 407 
5472 492 2947 410 
5473 2733 2967 1753 
5474 1539 2948 1540 
5475 1794 2951 1792 
5476 72 2807 71 
5477 2316 3004 2193 
5478 1710 2818 1552 
5479 1767 2984 2729 
5480 2547 2955 1722 
5481 1768 2956 1547 
5482 2028 2956 366 
5483 1996 2957 2266 
5484 202 2958 359 
5485 299 2958 203 
5486 1850 2962 2776 
5487 1698 3005 2747 
5488 2536 2959 1929 
5489 1790 2998 2016 
5490 2027 2997 1673 
5491 300 2996 47 
5492 46 2996 355 
5493 1716 2995 1827 
5494 374 2960 372 
5495 2144 2963 1709 
5496 2638 2991 1358 
5497 409 2967 408 
5498 335 2905 2729 
5499 1900 2968 305 
5500 180 2968 179 
5501 1762 2989 1966 
5502 2583 2969 2576 
5503 320 2986 210 
5504 314 2971 177 
5505 1049 2985 660 
5506 189 2984 286 
5507 262 2983 261 
5508 1343 2979 1532 
5509 1045 2973 964 
5510 1830 2965 449 
5511 2755 2890 1690 
5512 1861 2848 2811 
5513 314 2860 1816 
5514 269 2785 268 
5515 2776 2991 1892 
5516 2335 2816 492 
5517 2724 2997 1420 
5518 2002 2955 1540 
5519 1750 2920 1751 
5520 2812 2849 2108 
5521 1452 2816 2335 
5522 348 2950 2855 
5523 2763 2911 1865 
5524 1889 2850 323 
5525 2121 2786 1609 
5526 1457 2943 2766 
5527 1714 2965 1830 
5528 1890 3011 330 
5529 2171 2918 2423 
5530 2520 2904 1794 
5531 1578 2787 1579 
5532 2733 2914 455 
5533 1892 2788 318 
5534 762 2980 2798 
5535 260 2789 310 
5536 1775 2818 1834 
5537 312 2833 2752 
5538 1537 2790 1744 
5539 1538 2791 1743 
5540 1797 2845 1795 
5541 1567 2792 1676 
5542 308 2803 2116 
5543 472 2793 468 
5544 2005 2812 272 
5545 1552 2818 1775 
5546 2458 2837 2115 
5547 1857 2811 2780 
5548 151 2794 150 
5549 1593 2795 1591 
5550 1570 2796 1569 
5551 2866 3003 1828 
5552 1867 2883 1863 
5553 1672 2915 2819 
5554 1913 2944 2572 
5555 2010 2938 2738 
5556 1386 2913 2876 
5557 2929 2978 1844 
5558 2928 2977 1934 
5559 1810 2935 2840 
5560 2218 2970 1729 
5561 2170 2798 2172 
5562 2771 2987 1096 
5563 2839 2898 339 
5564 1909 2931 338 
5565 1549 2799 1560 
5566 1148 2800 1207 
5567 1551 2801 1963 
5568 2747 2924 2265 
5569 1868 2828 1870 
5570 1593 2916 2754 
5571 341 2802 1997 
5572 1762 2859 2393 
5573 2769 2797 1723 
5574 1585 2868 1748 
5575 466 2903 2166 
5576 1678 2803 1677 
5577 2297 2866 2336 
5578 495 2804 2352 
5579 1760 2983 2936 
5580 2727 3009 1732 
5581 2018 2805 1409 
5582 458 2806 448 
5583 1594 2837 2458 
5584 1822 2951 407 
5585 1603 2826 1996 
5586 2778 2957 433 
5587 1950 2923 2873 
5588 1967 2807 1969 
5589 1815 2827 1707 
5590 2201 2808 2200 
5591 176 2809 175 
5592 1844 2810 1231 
5593 179 2860 178 
5594 2145 2865 2144 
5595 2833 2922 1931 
5596 1858 2811 1857 
5597 2926 2992 1886 
5598 1715 2974 1821 
5599 284 2813 2031 
5600 265 2814 264 
5601 1246 2911 2763 
5602 178 2860 314 
5603 1736 2964 1773 
5604 1873 2815 1869 
5605 2777 2921 1683 
5606 1664 2894 1742 
5607 425 2866 1827 
5608 2161 2820 1774 
5609 1791 2816 1718 
5610 1834 2818 289 
5611 1931 2922 1564 
5612 342 2886 2790 
5613 340 2885 2791 
5614 2752 2833 1595 
5615 2793 3000 2067 
5616 1598 2990 2290 
5617 2766 2943 1731 
5618 1860 2817 1862 
5619 1811 2914 1673 
5620 1383 2928 2878 
5621 1385 2927 2877 
5622 1384 2926 2875 
5623 1382 2929 2879 
5624 1095 2819 2300 
5625 347 2820 2180 
5626 341 2842 2802 
5627 2776 2962 1590 
5628 2135 2822 358 
5629 462 2823 465 
5630 415 2868 2280 
5631 2850 2941 323 
5632 2301 2824 1093 
5633 1584 2825 1582 
5634 330 3011 2783 
5635 326 2974 2779 
5636 1740 3004 2826 
5637 2372 2826 497 
5638 416 2924 2747 
5639 2235 2888 2724 
5640 343 2827 145 
5641 1735 2987 2771 
5642 2537 2895 1329 
5643 2724 2888 1530 
5644 749 2828 750 
5645 1964 2852 1965 
5646 2393 2859 365 
5647 1759 2830 1756 
5648 1425 2829 2137 
5649 1934 2830 1229 
5650 1953 2988 350 
5651 2695 2909 1694 
5652 2887 2999 1479 
5653 339 2898 2232 
5654 1732 2831 2431 
5655 407 2951 2310 
5656 2483 2999 2021 
5657 2336 2866 425 
5658 1924 2832 1232 
5659 1568 2987 1735 
5660 286 2857 2136 
5661 2828 2966 1870 
5662 1712 2905 2085 
5663 2280 2868 1585 
5664 2303 2819 2740 
5665 2807 2989 325 
5666 2740 2819 1095 
5667 1940 2797 2769 
5668 2815 2917 456 
5669 1595 2833 1587 
5670 1720 2981 2804 
5671 13 2876 2743 
5672 221 2875 2744 
5673 117 2879 2742 
5674 65 2877 2745 
5675 169 2878 2746 
5676 1166 2834 2433 
5677 1957 2835 1946 
5678 2115 2837 361 
5679 1813 2867 1435 
5680 441 2838 439 
5681 1765 2843 1785 
5682 1721 2839 1723 
5683 232 2840 231 
5684 272 2812 2781 
5685 2777 2978 2498 
5686 1576 2841 1574 
5687 209 2986 1829 
5688 1949 2842 341 
5689 2799 2901 1560 
5690 1452 2995 2816 
5691 2809 2974 326 
5692 53 2843 52 
5693 16 2844 15 
5694 306 2845 76 
5695 393 2846 395 
5696 340 2847 2089 
5697 2837 2976 2420 
5698 504 2848 2449 
5699 342 2849 2005 
5700 1578 2944 2787 
5701 2777 3006 2978 
5702 1935 2850 1566 
5703 2922 3008 1564 
5704 363 2851 2541 
5705 1829 2986 1824 
5706 465 2940 2773 
5707 2935 2998 313 
5708 1752 2915 1672 
5709 2796 2960 2145 
5710 1897 2853 1896 
5711 385 2854 387 
5712 2813 2909 2031 
5713 134 2855 133 
5714 2854 2970 417 
5715 1479 2999 2483 
5716 1968 2856 1854 
5717 2811 2848 504 
5718 1333 2869 2723 
5719 2136 2979 2822 
5720 1722 2955 2863 
5721 2827 2949 1707 
5722 1534 2857 1767 
5723 2236 2957 2778 
5724 2005 2849 2812 
5725 2798 2980 2172 
5726 2723 2869 2193 
5727 1685 2924 2330 
5728 2420 2976 299 
5729 1679 2859 1762 
5730 749 2966 2828 
5731 1816 2860 1819 
5732 2819 2915 2300 
5733 2895 2961 1961 
5734 418 2919 2353 
5735 78 2861 77 
5736 2804 2981 2352 
5737 2695 2994 2909 
5738 2848 2883 2449 
5739 1684 2923 1733 
5740 1944 2950 348 
5741 2022 2862 352 
5742 2219 2892 493 
5743 1721 2898 2839 
5744 2781 2812 1693 
5745 2001 2863 2002 
5746 2648 2864 2071 
5747 412 2865 376 
5748 1827 2866 1828 
5749 176 2971 2809 
5750 1916 2944 1913 
5751 1967 2989 2807 
5752 1704 2954 1981 
5753 1703 2953 2037 
5754 1435 2867 1594 
5755 2311 2868 415 
5756 1710 2959 2818 
5757 274 2836 2751 
5758 2751 2836 1555 
5759 2193 2869 2176 
5760 1368 2870 2399 
5761 2816 2995 1718 
5762 2817 2972 1862 
5763 343 2949 2827 
5764 2625 2871 1548 
5765 2855 2950 1802 
5766 2737 2893 2099 
5767 1573 2874 1992 
5768 323 2941 2274 
5769 457 2872 450 
5770 1607 2873 2461 
5771 2826 3004 497 
5772 2840 2935 231 
5773 2774 2931 1909 
5774 1673 2914 1674 
5775 1899 2874 1898 
5776 222 2875 221 
5777 118 2879 117 
5778 66 2877 65 
5779 14 2876 13 
5780 170 2878 169 
5781 2082 2994 1745 
5782 1692 2949 2439 
5783 2033 3009 1374 
5784 2189 2880 1663 
5785 2941 3010 2274 
5786 1878 2881 1879 
5787 1729 2970 1801 
5788 1743 2953 1703 
5789 1744 2954 1704 
5790 1752 3001 2915 
5791 257 2882 256 
5792 2449 2883 456 
5793 2779 2974 1715 
5794 51 2884 50 
5795 1751 2858 2739 
5796 42 2885 41 
5797 94 2886 93 
5798 1865 2911 1864 
5799 1133 2887 2556 
5800 1897 2925 2853 
5801 2481 3008 1982 
5802 1530 2888 2327 
5803 2902 2975 1837 
5804 1935 2941 2850 
5805 2602 2889 1392 
5806 2916 3002 1908 
5807 1871 2982 1873 
5808 1800 2946 1799 
5809 74 2891 316 
5810 2216 2892 2215 
5811 1779 2893 1757 
5812 1749 2904 2520 
5813 1724 2913 2785 
5814 2265 2924 1685 
5815 2754 2916 1908 
5816 2851 2977 2541 
5817 2753 2980 762 
5818 1075 2896 2554 
5819 1588 2897 1789 
5820 1722 2898 1721 
5821 2116 3012 2117 
5822 2738 2938 2058 
5823 390 2899 388 
5824 444 2900 449 
5825 1329 2895 2801 
5826 1560 2901 1734 
5827 2625 2936 2871 
5828 394 2902 392 
5829 1711 2905 1712 
5830 1700 2903 1699 
5831 449 2965 2838 
5832 2310 2904 2756 
5833 1564 3008 2481 
5834 1965 2969 2890 
5835 1757 2893 2737 
5836 2523 2925 1902 
5837 2085 2905 335 
5838 1507 2906 2689 
5839 290 2907 43 
5840 287 2908 95 
5841 2022 2990 2862 
5842 1368 2964 2870 
5843 2174 2918 2171 
5844 2031 2909 351 
5845 2773 2940 2070 
5846 2762 2919 418 
5847 2880 3005 1698 
5848 459 2910 466 
5849 2139 2911 1246 
5850 381 2912 383 
5851 312 2922 2833 
5852 1563 2943 1457 
5853 1799 2946 2727 
5854 1771 2918 2775 
5855 2790 2886 1744 
5856 2791 2885 1743 
5857 455 2914 1811 
5858 2300 2915 1216 
5859 1356 2925 2523 
5860 2619 2916 2530 
5861 1745 2994 2695 
5862 2010 3007 2011 
5863 375 2917 377 
5864 2207 2919 2762 
5865 2818 2959 289 
5866 1695 3010 2941 
5867 1230 2920 1925 
5868 1682 2921 1787 
5869 2052 2922 312 
5870 2876 2913 1724 
5871 307 2923 1950 
5872 2730 2943 1563 
5873 2330 2924 416 
5874 1902 2925 1897 
5875 2770 2981 1720 
5876 1725 2926 1885 
5877 1726 2927 1923 
5878 1727 2929 1843 
5879 1728 2928 1933 
5880 1706 2930 1705 
5881 2507 2931 1562 
5882 379 2932 411 
5883 437 2933 434 
5884 2901 2988 1734 
5885 122 2934 121 
5886 330 2962 1850 
5887 2358 3001 2320 
5888 231 2935 230 
5889 2832 3011 1890 
5890 1821 2974 2809 
5891 1696 2936 2625 
5892 1707 2949 1692 
5893 2320 3001 1752 
5894 1823 2965 1714 
5895 463 2937 467 
5896 469 2960 2796 
5897 1908 3002 2722 
5898 360 2938 2557 
5899 2355 2939 1708 
5900 2070 2940 2066 
5901 2909 2994 351 
5902 1695 2941 1935 
5903 2722 3002 1667 
5904 105 2942 104 
5905 2727 2946 1664 
5906 321 2890 2755 
5907 1731 2943 2730 
5908 2915 3001 1216 
5909 2756 2904 1749 
5910 2619 3002 2916 
5911 2572 2944 1578 
5912 1739 2945 1842 
5913 410 2947 406 
5914 2175 2980 2753 
5915 1870 2966 1872 
5916 1735 2948 1539 
5917 1382 2978 2929 
5918 1383 2977 2928 
5919 2439 2949 343 
5920 1802 2950 1702 
5921 2052 3008 2922 
5922 1792 2951 1822 
5923 2074 3000 2792 
5924 2810 3006 1683 
5925 2738 3007 2010 
5926 1590 2962 2783 
5927 1540 2955 2547 
5928 1562 2931 2774 
5929 1547 2956 2028 
5930 2266 2957 2236 
5931 203 2958 202 
5932 289 2959 2536 
5933 2274 3010 364 
5934 372 2960 469 
5935 1342 2961 2537 
5936 1828 3003 2824 
5937 1709 2963 2189 
5938 2416 2964 1368 
5939 2736 2966 749 
5940 408 2967 413 
5941 2726 2982 1871 
5942 305 2968 180 
5943 362 2921 2777 
5944 1686 2969 2583 
5945 177 2971 176 
5946 1215 2993 2764 
5947 1594 2976 2837 
5948 1862 2972 1866 
5949 964 2973 966 
5950 2491 2992 1384 
5951 2822 2979 1681 
5952 2878 2928 1728 
5953 2877 2927 1726 
5954 2875 2926 1725 
5955 2879 2929 1727 
5956 411 2982 2726 
5957 2541 2977 1383 
5958 2498 2978 1382 
5959 2936 2983 317 
5960 1681 2979 1343 
5961 2172 2980 2175 
5962 2352 2981 409 
5963 317 2983 262 
5964 190 2984 189 
5965 2298 3003 2297 
5966 660 2985 636 
5967 210 2986 209 
5968 1096 2987 2501 
5969 1734 2988 2684 
5970 1966 2989 1967 
5971 2023 2990 2022 
5972 1358 2991 2586 
5973 2011 2993 2012 
5974 351 2994 2082 
5975 1718 2995 1716 
5976 47 2996 46 
5977 1420 2997 2027 
5978 2016 2998 1810 
5979 2021 2999 2023 
5980 1216 3001 2358 
5981 1667 3002 2619 
5982 1335 3007 2738 
5983 2739 3010 1695 
5984 497 3004 2316 
5985 2331 3005 490 
5986 1982 3008 2052 
5987 2023 2999 2887 
5988 1872 2966 2736 
5989 1384 2992 2926 
5990 2785 2913 1911 
5991 1873 2917 2815 
5992 2775 2918 2174 
5993 1801 2970 2854 
5994 364 3010 2739 
5995 2831 3009 2033 
5996 2801 2895 1963 
5997 409 2981 2770 
5998 2117 3012 2821 
5999 2836 2939 2355 
6000 2803 3012 2116 
6001 2783 2962 330 
6002 274 2939 2836 
6003 1683 3006 2777 
6004 1678 3012 2803 
6005 2537 2961 2895 
6006 2764 2993 2011 
6007 2907 2953 1743 
6008 2908 2954 1744 
6009 2838 2965 1823 
6010 2792 3000 472 
6011 1810 2998 2935 
6012 2978 3006 1844 
6013 1873 2982 2932 
6014 1886 2992 2858 
6015 2783 3011 1680 
6016 1680 3011 2832 
6017 472 3000 2793 
6018 2890 2969 1686 
6019 1664 2946 2894 
6020 490 3005 2880 
6021 2824 3003 2298 
6022 1844 3006 2810 
6023 2863 2955 2002 
6024 2894 2946 1800 
6025 2821 3012 1678 
6026 2858 2992 2491 
6027 1732 3009 2831 
6028 290 2953 2907 
6029 287 2954 2908 
6030 2867 2976 1594 
6031 2932 2982 411 
$EndElements
